End Week,Start Week,State,COVID-19 Deaths,Pneumonia and COVID-19 Deaths
2020-02-01,2020-01-25,United States,0,0
2020-02-08,2020-02-01,United States,1,0
2020-02-15,2020-02-08,United States,0,0
2020-02-22,2020-02-15,United States,5,1
2020-02-29,2020-02-22,United States,10,5
2020-03-07,2020-02-29,United States,35,17
2020-03-14,2020-03-07,United States,56,28
2020-03-21,2020-03-14,United States,572,250
2020-03-28,2020-03-21,United States,3168,1433
2020-04-04,2020-03-28,United States,10036,4762
2020-04-11,2020-04-04,United States,16195,7229
2020-04-18,2020-04-11,United States,17083,7308
2020-04-25,2020-04-18,United States,15446,6602
2020-05-02,2020-04-25,United States,13156,5516
2020-05-09,2020-05-02,United States,11177,4707
2020-05-16,2020-05-09,United States,9174,3776
2020-05-23,2020-05-16,United States,7185,2968
2020-05-30,2020-05-23,United States,6121,2482
2020-06-06,2020-05-30,United States,4999,2139
2020-06-13,2020-06-06,United States,4203,1857
2020-06-20,2020-06-13,United States,3811,1599
2020-06-27,2020-06-20,United States,3792,1548
2020-07-04,2020-06-27,United States,4482,1988
2020-07-11,2020-07-04,United States,5722,2700
2020-07-18,2020-07-11,United States,7098,3425
2020-07-25,2020-07-18,United States,8107,3929
2020-08-01,2020-07-25,United States,8191,4025
2020-08-08,2020-08-01,United States,7747,3939
2020-08-15,2020-08-08,United States,7100,3624
2020-08-22,2020-08-15,United States,6191,3138
2020-08-29,2020-08-22,United States,5473,2777
2020-09-05,2020-08-29,United States,4697,2368
2020-09-12,2020-09-05,United States,4265,2146
2020-09-19,2020-09-12,United States,3844,1853
2020-09-26,2020-09-19,United States,3825,1891
2020-10-03,2020-09-26,United States,3611,1715
2020-10-10,2020-10-03,United States,3915,1926
2020-10-17,2020-10-10,United States,3543,1702
2020-10-24,2020-10-17,United States,2152,957
2020-10-31,2020-10-24,United States,271,142
2020-02-01,2020-01-25,Alabama,0,0
2020-02-08,2020-02-01,Alabama,0,0
2020-02-15,2020-02-08,Alabama,0,0
2020-02-22,2020-02-15,Alabama,0,0
2020-02-29,2020-02-22,Alabama,0,0
2020-03-07,2020-02-29,Alabama,0,0
2020-03-14,2020-03-07,Alabama,0,0
2020-03-21,2020-03-14,Alabama,0,0
2020-03-28,2020-03-21,Alabama,23,0
2020-04-04,2020-03-28,Alabama,49,11
2020-04-11,2020-04-04,Alabama,81,27
2020-04-18,2020-04-11,Alabama,89,26
2020-04-25,2020-04-18,Alabama,83,19
2020-05-02,2020-04-25,Alabama,81,26
2020-05-09,2020-05-02,Alabama,115,34
2020-05-16,2020-05-09,Alabama,94,30
2020-05-23,2020-05-16,Alabama,79,23
2020-05-30,2020-05-23,Alabama,103,30
2020-06-06,2020-05-30,Alabama,88,32
2020-06-13,2020-06-06,Alabama,81,29
2020-06-20,2020-06-13,Alabama,88,25
2020-06-27,2020-06-20,Alabama,102,30
2020-07-04,2020-06-27,Alabama,120,47
2020-07-11,2020-07-04,Alabama,133,36
2020-07-18,2020-07-11,Alabama,189,45
2020-07-25,2020-07-18,Alabama,246,87
2020-08-01,2020-07-25,Alabama,261,94
2020-08-08,2020-08-01,Alabama,259,85
2020-08-15,2020-08-08,Alabama,226,82
2020-08-22,2020-08-15,Alabama,206,63
2020-08-29,2020-08-22,Alabama,180,70
2020-09-05,2020-08-29,Alabama,152,58
2020-09-12,2020-09-05,Alabama,132,48
2020-09-19,2020-09-12,Alabama,132,45
2020-09-26,2020-09-19,Alabama,97,29
2020-10-03,2020-09-26,Alabama,102,33
2020-10-10,2020-10-03,Alabama,106,39
2020-10-17,2020-10-10,Alabama,78,28
2020-10-24,2020-10-17,Alabama,37,0
2020-10-31,2020-10-24,Alabama,0,0
2020-02-01,2020-01-25,Alaska,0,0
2020-02-08,2020-02-01,Alaska,0,0
2020-02-15,2020-02-08,Alaska,0,0
2020-02-22,2020-02-15,Alaska,0,0
2020-02-29,2020-02-22,Alaska,0,0
2020-03-07,2020-02-29,Alaska,0,0
2020-03-14,2020-03-07,Alaska,0,0
2020-03-21,2020-03-14,Alaska,0,0
2020-03-28,2020-03-21,Alaska,0,0
2020-04-04,2020-03-28,Alaska,0,0
2020-04-11,2020-04-04,Alaska,0,0
2020-04-18,2020-04-11,Alaska,0,0
2020-04-25,2020-04-18,Alaska,0,0
2020-05-02,2020-04-25,Alaska,0,0
2020-05-09,2020-05-02,Alaska,0,0
2020-05-16,2020-05-09,Alaska,0,0
2020-05-23,2020-05-16,Alaska,0,0
2020-05-30,2020-05-23,Alaska,0,0
2020-06-06,2020-05-30,Alaska,0,0
2020-06-13,2020-06-06,Alaska,0,0
2020-06-20,2020-06-13,Alaska,0,0
2020-06-27,2020-06-20,Alaska,0,0
2020-07-04,2020-06-27,Alaska,0,0
2020-07-11,2020-07-04,Alaska,0,0
2020-07-18,2020-07-11,Alaska,0,0
2020-07-25,2020-07-18,Alaska,0,0
2020-08-01,2020-07-25,Alaska,0,0
2020-08-08,2020-08-01,Alaska,0,0
2020-08-15,2020-08-08,Alaska,0,0
2020-08-22,2020-08-15,Alaska,0,0
2020-08-29,2020-08-22,Alaska,0,0
2020-09-05,2020-08-29,Alaska,0,0
2020-09-12,2020-09-05,Alaska,0,0
2020-09-19,2020-09-12,Alaska,0,0
2020-09-26,2020-09-19,Alaska,0,0
2020-10-03,2020-09-26,Alaska,0,0
2020-10-10,2020-10-03,Alaska,0,0
2020-10-17,2020-10-10,Alaska,0,0
2020-10-24,2020-10-17,Alaska,0,0
2020-10-31,2020-10-24,Alaska,0,0
2020-02-01,2020-01-25,Arizona,0,0
2020-02-08,2020-02-01,Arizona,0,0
2020-02-15,2020-02-08,Arizona,0,0
2020-02-22,2020-02-15,Arizona,0,0
2020-02-29,2020-02-22,Arizona,0,0
2020-03-07,2020-02-29,Arizona,0,0
2020-03-14,2020-03-07,Arizona,0,0
2020-03-21,2020-03-14,Arizona,0,0
2020-03-28,2020-03-21,Arizona,31,19
2020-04-04,2020-03-28,Arizona,58,32
2020-04-11,2020-04-04,Arizona,91,52
2020-04-18,2020-04-11,Arizona,96,43
2020-04-25,2020-04-18,Arizona,106,42
2020-05-02,2020-04-25,Arizona,104,47
2020-05-09,2020-05-02,Arizona,127,71
2020-05-16,2020-05-09,Arizona,118,69
2020-05-23,2020-05-16,Arizona,96,52
2020-05-30,2020-05-23,Arizona,113,50
2020-06-06,2020-05-30,Arizona,132,72
2020-06-13,2020-06-06,Arizona,172,99
2020-06-20,2020-06-13,Arizona,206,108
2020-06-27,2020-06-20,Arizona,256,137
2020-07-04,2020-06-27,Arizona,383,210
2020-07-11,2020-07-04,Arizona,501,310
2020-07-18,2020-07-11,Arizona,543,339
2020-07-25,2020-07-18,Arizona,469,282
2020-08-01,2020-07-25,Arizona,388,222
2020-08-08,2020-08-01,Arizona,304,181
2020-08-15,2020-08-08,Arizona,248,145
2020-08-22,2020-08-15,Arizona,172,91
2020-08-29,2020-08-22,Arizona,126,70
2020-09-05,2020-08-29,Arizona,92,59
2020-09-12,2020-09-05,Arizona,60,36
2020-09-19,2020-09-12,Arizona,65,29
2020-09-26,2020-09-19,Arizona,54,26
2020-10-03,2020-09-26,Arizona,35,18
2020-10-10,2020-10-03,Arizona,48,26
2020-10-17,2020-10-10,Arizona,38,21
2020-10-24,2020-10-17,Arizona,33,16
2020-10-31,2020-10-24,Arizona,0,0
2020-02-01,2020-01-25,Arkansas,0,0
2020-02-08,2020-02-01,Arkansas,0,0
2020-02-15,2020-02-08,Arkansas,0,0
2020-02-22,2020-02-15,Arkansas,0,0
2020-02-29,2020-02-22,Arkansas,0,0
2020-03-07,2020-02-29,Arkansas,0,0
2020-03-14,2020-03-07,Arkansas,0,0
2020-03-21,2020-03-14,Arkansas,0,0
2020-03-28,2020-03-21,Arkansas,0,0
2020-04-04,2020-03-28,Arkansas,11,0
2020-04-11,2020-04-04,Arkansas,14,0
2020-04-18,2020-04-11,Arkansas,12,0
2020-04-25,2020-04-18,Arkansas,14,0
2020-05-02,2020-04-25,Arkansas,22,0
2020-05-09,2020-05-02,Arkansas,24,0
2020-05-16,2020-05-09,Arkansas,0,0
2020-05-23,2020-05-16,Arkansas,20,0
2020-05-30,2020-05-23,Arkansas,19,12
2020-06-06,2020-05-30,Arkansas,26,12
2020-06-13,2020-06-06,Arkansas,34,17
2020-06-20,2020-06-13,Arkansas,46,16
2020-06-27,2020-06-20,Arkansas,46,21
2020-07-04,2020-06-27,Arkansas,40,17
2020-07-11,2020-07-04,Arkansas,47,23
2020-07-18,2020-07-11,Arkansas,57,25
2020-07-25,2020-07-18,Arkansas,73,35
2020-08-01,2020-07-25,Arkansas,85,42
2020-08-08,2020-08-01,Arkansas,89,41
2020-08-15,2020-08-08,Arkansas,88,33
2020-08-22,2020-08-15,Arkansas,97,49
2020-08-29,2020-08-22,Arkansas,94,42
2020-09-05,2020-08-29,Arkansas,87,42
2020-09-12,2020-09-05,Arkansas,99,48
2020-09-19,2020-09-12,Arkansas,78,34
2020-09-26,2020-09-19,Arkansas,92,46
2020-10-03,2020-09-26,Arkansas,109,51
2020-10-10,2020-10-03,Arkansas,128,74
2020-10-17,2020-10-10,Arkansas,116,52
2020-10-24,2020-10-17,Arkansas,75,43
2020-10-31,2020-10-24,Arkansas,16,10
2020-02-01,2020-01-25,California,0,0
2020-02-08,2020-02-01,California,0,0
2020-02-15,2020-02-08,California,0,0
2020-02-22,2020-02-15,California,0,0
2020-02-29,2020-02-22,California,0,0
2020-03-07,2020-02-29,California,0,0
2020-03-14,2020-03-07,California,0,0
2020-03-21,2020-03-14,California,44,19
2020-03-28,2020-03-21,California,131,70
2020-04-04,2020-03-28,California,289,158
2020-04-11,2020-04-04,California,381,222
2020-04-18,2020-04-11,California,534,325
2020-04-25,2020-04-18,California,527,295
2020-05-02,2020-04-25,California,544,294
2020-05-09,2020-05-02,California,550,297
2020-05-16,2020-05-09,California,500,270
2020-05-23,2020-05-16,California,486,268
2020-05-30,2020-05-23,California,463,262
2020-06-06,2020-05-30,California,445,251
2020-06-13,2020-06-06,California,444,241
2020-06-20,2020-06-13,California,456,226
2020-06-27,2020-06-20,California,490,262
2020-07-04,2020-06-27,California,630,345
2020-07-11,2020-07-04,California,731,394
2020-07-18,2020-07-11,California,880,475
2020-07-25,2020-07-18,California,996,560
2020-08-01,2020-07-25,California,1001,568
2020-08-08,2020-08-01,California,984,574
2020-08-15,2020-08-08,California,869,503
2020-08-22,2020-08-15,California,818,465
2020-08-29,2020-08-22,California,719,403
2020-09-05,2020-08-29,California,600,350
2020-09-12,2020-09-05,California,517,293
2020-09-19,2020-09-12,California,469,263
2020-09-26,2020-09-19,California,440,258
2020-10-03,2020-09-26,California,325,182
2020-10-10,2020-10-03,California,355,214
2020-10-17,2020-10-10,California,228,131
2020-10-24,2020-10-17,California,123,81
2020-10-31,2020-10-24,California,0,0
2020-02-01,2020-01-25,Colorado,0,0
2020-02-08,2020-02-01,Colorado,0,0
2020-02-15,2020-02-08,Colorado,0,0
2020-02-22,2020-02-15,Colorado,0,0
2020-02-29,2020-02-22,Colorado,0,0
2020-03-07,2020-02-29,Colorado,0,0
2020-03-14,2020-03-07,Colorado,0,0
2020-03-21,2020-03-14,Colorado,16,0
2020-03-28,2020-03-21,Colorado,46,27
2020-04-04,2020-03-28,Colorado,130,86
2020-04-11,2020-04-04,Colorado,214,123
2020-04-18,2020-04-11,Colorado,218,118
2020-04-25,2020-04-18,Colorado,224,111
2020-05-02,2020-04-25,Colorado,188,89
2020-05-09,2020-05-02,Colorado,139,65
2020-05-16,2020-05-09,Colorado,97,45
2020-05-23,2020-05-16,Colorado,93,28
2020-05-30,2020-05-23,Colorado,75,39
2020-06-06,2020-05-30,Colorado,63,32
2020-06-13,2020-06-06,Colorado,59,34
2020-06-20,2020-06-13,Colorado,38,19
2020-06-27,2020-06-20,Colorado,22,0
2020-07-04,2020-06-27,Colorado,25,14
2020-07-11,2020-07-04,Colorado,29,11
2020-07-18,2020-07-11,Colorado,43,22
2020-07-25,2020-07-18,Colorado,33,24
2020-08-01,2020-07-25,Colorado,36,18
2020-08-08,2020-08-01,Colorado,39,20
2020-08-15,2020-08-08,Colorado,28,18
2020-08-22,2020-08-15,Colorado,19,12
2020-08-29,2020-08-22,Colorado,29,0
2020-09-05,2020-08-29,Colorado,20,0
2020-09-12,2020-09-05,Colorado,33,13
2020-09-19,2020-09-12,Colorado,21,0
2020-09-26,2020-09-19,Colorado,24,11
2020-10-03,2020-09-26,Colorado,33,13
2020-10-10,2020-10-03,Colorado,38,17
2020-10-17,2020-10-10,Colorado,35,19
2020-10-24,2020-10-17,Colorado,23,11
2020-10-31,2020-10-24,Colorado,0,0
2020-02-01,2020-01-25,Connecticut,0,0
2020-02-08,2020-02-01,Connecticut,0,0
2020-02-15,2020-02-08,Connecticut,0,0
2020-02-22,2020-02-15,Connecticut,0,0
2020-02-29,2020-02-22,Connecticut,0,0
2020-03-07,2020-02-29,Connecticut,0,0
2020-03-14,2020-03-07,Connecticut,0,0
2020-03-21,2020-03-14,Connecticut,11,0
2020-03-28,2020-03-21,Connecticut,48,13
2020-04-04,2020-03-28,Connecticut,207,34
2020-04-11,2020-04-04,Connecticut,510,119
2020-04-18,2020-04-11,Connecticut,675,128
2020-04-25,2020-04-18,Connecticut,673,147
2020-05-02,2020-04-25,Connecticut,569,131
2020-05-09,2020-05-02,Connecticut,464,118
2020-05-16,2020-05-09,Connecticut,382,87
2020-05-23,2020-05-16,Connecticut,283,58
2020-05-30,2020-05-23,Connecticut,209,44
2020-06-06,2020-05-30,Connecticut,117,19
2020-06-13,2020-06-06,Connecticut,86,17
2020-06-20,2020-06-13,Connecticut,44,0
2020-06-27,2020-06-20,Connecticut,44,15
2020-07-04,2020-06-27,Connecticut,23,0
2020-07-11,2020-07-04,Connecticut,25,0
2020-07-18,2020-07-11,Connecticut,17,0
2020-07-25,2020-07-18,Connecticut,14,0
2020-08-01,2020-07-25,Connecticut,10,0
2020-08-08,2020-08-01,Connecticut,0,0
2020-08-15,2020-08-08,Connecticut,0,0
2020-08-22,2020-08-15,Connecticut,0,0
2020-08-29,2020-08-22,Connecticut,0,0
2020-09-05,2020-08-29,Connecticut,0,0
2020-09-12,2020-09-05,Connecticut,0,0
2020-09-19,2020-09-12,Connecticut,11,0
2020-09-26,2020-09-19,Connecticut,0,0
2020-10-03,2020-09-26,Connecticut,14,0
2020-10-10,2020-10-03,Connecticut,0,0
2020-10-17,2020-10-10,Connecticut,0,0
2020-10-24,2020-10-17,Connecticut,0,0
2020-10-31,2020-10-24,Connecticut,0,0
2020-02-01,2020-01-25,Delaware,0,0
2020-02-08,2020-02-01,Delaware,0,0
2020-02-15,2020-02-08,Delaware,0,0
2020-02-22,2020-02-15,Delaware,0,0
2020-02-29,2020-02-22,Delaware,0,0
2020-03-07,2020-02-29,Delaware,0,0
2020-03-14,2020-03-07,Delaware,0,0
2020-03-21,2020-03-14,Delaware,0,0
2020-03-28,2020-03-21,Delaware,0,0
2020-04-04,2020-03-28,Delaware,0,0
2020-04-11,2020-04-04,Delaware,24,11
2020-04-18,2020-04-11,Delaware,40,17
2020-04-25,2020-04-18,Delaware,64,27
2020-05-02,2020-04-25,Delaware,74,29
2020-05-09,2020-05-02,Delaware,64,27
2020-05-16,2020-05-09,Delaware,75,19
2020-05-23,2020-05-16,Delaware,49,17
2020-05-30,2020-05-23,Delaware,49,16
2020-06-06,2020-05-30,Delaware,23,0
2020-06-13,2020-06-06,Delaware,20,0
2020-06-20,2020-06-13,Delaware,0,0
2020-06-27,2020-06-20,Delaware,0,0
2020-07-04,2020-06-27,Delaware,0,0
2020-07-11,2020-07-04,Delaware,0,0
2020-07-18,2020-07-11,Delaware,0,0
2020-07-25,2020-07-18,Delaware,0,0
2020-08-01,2020-07-25,Delaware,0,0
2020-08-08,2020-08-01,Delaware,0,0
2020-08-15,2020-08-08,Delaware,0,0
2020-08-22,2020-08-15,Delaware,0,0
2020-08-29,2020-08-22,Delaware,0,0
2020-09-05,2020-08-29,Delaware,0,0
2020-09-12,2020-09-05,Delaware,0,0
2020-09-19,2020-09-12,Delaware,0,0
2020-09-26,2020-09-19,Delaware,0,0
2020-10-03,2020-09-26,Delaware,0,0
2020-10-10,2020-10-03,Delaware,0,0
2020-10-17,2020-10-10,Delaware,0,0
2020-10-24,2020-10-17,Delaware,0,0
2020-10-31,2020-10-24,Delaware,0,0
2020-02-01,2020-01-25,District of Columbia,0,0
2020-02-08,2020-02-01,District of Columbia,0,0
2020-02-15,2020-02-08,District of Columbia,0,0
2020-02-22,2020-02-15,District of Columbia,0,0
2020-02-29,2020-02-22,District of Columbia,0,0
2020-03-07,2020-02-29,District of Columbia,0,0
2020-03-14,2020-03-07,District of Columbia,0,0
2020-03-21,2020-03-14,District of Columbia,0,0
2020-03-28,2020-03-21,District of Columbia,0,0
2020-04-04,2020-03-28,District of Columbia,25,25
2020-04-11,2020-04-04,District of Columbia,37,37
2020-04-18,2020-04-11,District of Columbia,59,57
2020-04-25,2020-04-18,District of Columbia,90,90
2020-05-02,2020-04-25,District of Columbia,75,75
2020-05-09,2020-05-02,District of Columbia,86,86
2020-05-16,2020-05-09,District of Columbia,71,71
2020-05-23,2020-05-16,District of Columbia,49,46
2020-05-30,2020-05-23,District of Columbia,42,41
2020-06-06,2020-05-30,District of Columbia,38,36
2020-06-13,2020-06-06,District of Columbia,30,30
2020-06-20,2020-06-13,District of Columbia,28,21
2020-06-27,2020-06-20,District of Columbia,19,18
2020-07-04,2020-06-27,District of Columbia,16,13
2020-07-11,2020-07-04,District of Columbia,0,0
2020-07-18,2020-07-11,District of Columbia,13,0
2020-07-25,2020-07-18,District of Columbia,0,0
2020-08-01,2020-07-25,District of Columbia,10,0
2020-08-08,2020-08-01,District of Columbia,0,0
2020-08-15,2020-08-08,District of Columbia,0,0
2020-08-22,2020-08-15,District of Columbia,11,10
2020-08-29,2020-08-22,District of Columbia,0,0
2020-09-05,2020-08-29,District of Columbia,0,0
2020-09-12,2020-09-05,District of Columbia,0,0
2020-09-19,2020-09-12,District of Columbia,0,0
2020-09-26,2020-09-19,District of Columbia,0,0
2020-10-03,2020-09-26,District of Columbia,0,0
2020-10-10,2020-10-03,District of Columbia,0,0
2020-10-17,2020-10-10,District of Columbia,0,0
2020-10-24,2020-10-17,District of Columbia,0,0
2020-10-31,2020-10-24,District of Columbia,0,0
2020-02-01,2020-01-25,Florida,0,0
2020-02-08,2020-02-01,Florida,0,0
2020-02-15,2020-02-08,Florida,0,0
2020-02-22,2020-02-15,Florida,0,0
2020-02-29,2020-02-22,Florida,0,0
2020-03-07,2020-02-29,Florida,0,0
2020-03-14,2020-03-07,Florida,0,0
2020-03-21,2020-03-14,Florida,17,0
2020-03-28,2020-03-21,Florida,92,45
2020-04-04,2020-03-28,Florida,219,142
2020-04-11,2020-04-04,Florida,303,158
2020-04-18,2020-04-11,Florida,310,155
2020-04-25,2020-04-18,Florida,325,164
2020-05-02,2020-04-25,Florida,308,170
2020-05-09,2020-05-02,Florida,290,141
2020-05-16,2020-05-09,Florida,257,132
2020-05-23,2020-05-16,Florida,236,117
2020-05-30,2020-05-23,Florida,230,112
2020-06-06,2020-05-30,Florida,222,99
2020-06-13,2020-06-06,Florida,193,101
2020-06-20,2020-06-13,Florida,220,114
2020-06-27,2020-06-20,Florida,322,177
2020-07-04,2020-06-27,Florida,465,226
2020-07-11,2020-07-04,Florida,781,367
2020-07-18,2020-07-11,Florida,1179,568
2020-07-25,2020-07-18,Florida,1413,730
2020-08-01,2020-07-25,Florida,1513,773
2020-08-08,2020-08-01,Florida,1396,832
2020-08-15,2020-08-08,Florida,1178,676
2020-08-22,2020-08-15,Florida,947,565
2020-08-29,2020-08-22,Florida,801,467
2020-09-05,2020-08-29,Florida,653,385
2020-09-12,2020-09-05,Florida,518,317
2020-09-19,2020-09-12,Florida,430,270
2020-09-26,2020-09-19,Florida,413,243
2020-10-03,2020-09-26,Florida,311,173
2020-10-10,2020-10-03,Florida,316,192
2020-10-17,2020-10-10,Florida,260,155
2020-10-24,2020-10-17,Florida,93,57
2020-10-31,2020-10-24,Florida,15,12
2020-02-01,2020-01-25,Georgia,0,0
2020-02-08,2020-02-01,Georgia,0,0
2020-02-15,2020-02-08,Georgia,0,0
2020-02-22,2020-02-15,Georgia,0,0
2020-02-29,2020-02-22,Georgia,0,0
2020-03-07,2020-02-29,Georgia,0,0
2020-03-14,2020-03-07,Georgia,0,0
2020-03-21,2020-03-14,Georgia,41,20
2020-03-28,2020-03-21,Georgia,98,44
2020-04-04,2020-03-28,Georgia,218,107
2020-04-11,2020-04-04,Georgia,216,98
2020-04-18,2020-04-11,Georgia,265,112
2020-04-25,2020-04-18,Georgia,257,118
2020-05-02,2020-04-25,Georgia,271,129
2020-05-09,2020-05-02,Georgia,207,92
2020-05-16,2020-05-09,Georgia,195,96
2020-05-23,2020-05-16,Georgia,154,71
2020-05-30,2020-05-23,Georgia,141,47
2020-06-06,2020-05-30,Georgia,118,53
2020-06-13,2020-06-06,Georgia,118,56
2020-06-20,2020-06-13,Georgia,94,32
2020-06-27,2020-06-20,Georgia,128,49
2020-07-04,2020-06-27,Georgia,149,54
2020-07-11,2020-07-04,Georgia,219,95
2020-07-18,2020-07-11,Georgia,293,133
2020-07-25,2020-07-18,Georgia,368,166
2020-08-01,2020-07-25,Georgia,408,184
2020-08-08,2020-08-01,Georgia,464,219
2020-08-15,2020-08-08,Georgia,418,209
2020-08-22,2020-08-15,Georgia,396,205
2020-08-29,2020-08-22,Georgia,331,170
2020-09-05,2020-08-29,Georgia,248,135
2020-09-12,2020-09-05,Georgia,248,133
2020-09-19,2020-09-12,Georgia,203,110
2020-09-26,2020-09-19,Georgia,199,98
2020-10-03,2020-09-26,Georgia,142,70
2020-10-10,2020-10-03,Georgia,133,73
2020-10-17,2020-10-10,Georgia,90,53
2020-10-24,2020-10-17,Georgia,51,25
2020-10-31,2020-10-24,Georgia,0,0
2020-02-01,2020-01-25,Hawaii,0,0
2020-02-08,2020-02-01,Hawaii,0,0
2020-02-15,2020-02-08,Hawaii,0,0
2020-02-22,2020-02-15,Hawaii,0,0
2020-02-29,2020-02-22,Hawaii,0,0
2020-03-07,2020-02-29,Hawaii,0,0
2020-03-14,2020-03-07,Hawaii,0,0
2020-03-21,2020-03-14,Hawaii,0,0
2020-03-28,2020-03-21,Hawaii,0,0
2020-04-04,2020-03-28,Hawaii,0,0
2020-04-11,2020-04-04,Hawaii,0,0
2020-04-18,2020-04-11,Hawaii,0,0
2020-04-25,2020-04-18,Hawaii,0,0
2020-05-02,2020-04-25,Hawaii,0,0
2020-05-09,2020-05-02,Hawaii,0,0
2020-05-16,2020-05-09,Hawaii,0,0
2020-05-23,2020-05-16,Hawaii,0,0
2020-05-30,2020-05-23,Hawaii,0,0
2020-06-06,2020-05-30,Hawaii,0,0
2020-06-13,2020-06-06,Hawaii,0,0
2020-06-20,2020-06-13,Hawaii,0,0
2020-06-27,2020-06-20,Hawaii,0,0
2020-07-04,2020-06-27,Hawaii,0,0
2020-07-11,2020-07-04,Hawaii,0,0
2020-07-18,2020-07-11,Hawaii,0,0
2020-07-25,2020-07-18,Hawaii,0,0
2020-08-01,2020-07-25,Hawaii,0,0
2020-08-08,2020-08-01,Hawaii,0,0
2020-08-15,2020-08-08,Hawaii,12,0
2020-08-22,2020-08-15,Hawaii,11,0
2020-08-29,2020-08-22,Hawaii,32,18
2020-09-05,2020-08-29,Hawaii,29,12
2020-09-12,2020-09-05,Hawaii,32,17
2020-09-19,2020-09-12,Hawaii,32,11
2020-09-26,2020-09-19,Hawaii,25,13
2020-10-03,2020-09-26,Hawaii,20,12
2020-10-10,2020-10-03,Hawaii,16,0
2020-10-17,2020-10-10,Hawaii,13,0
2020-10-24,2020-10-17,Hawaii,11,0
2020-10-31,2020-10-24,Hawaii,0,0
2020-02-01,2020-01-25,Idaho,0,0
2020-02-08,2020-02-01,Idaho,0,0
2020-02-15,2020-02-08,Idaho,0,0
2020-02-22,2020-02-15,Idaho,0,0
2020-02-29,2020-02-22,Idaho,0,0
2020-03-07,2020-02-29,Idaho,0,0
2020-03-14,2020-03-07,Idaho,0,0
2020-03-21,2020-03-14,Idaho,0,0
2020-03-28,2020-03-21,Idaho,0,0
2020-04-04,2020-03-28,Idaho,0,0
2020-04-11,2020-04-04,Idaho,22,0
2020-04-18,2020-04-11,Idaho,12,0
2020-04-25,2020-04-18,Idaho,12,0
2020-05-02,2020-04-25,Idaho,0,0
2020-05-09,2020-05-02,Idaho,0,0
2020-05-16,2020-05-09,Idaho,0,0
2020-05-23,2020-05-16,Idaho,0,0
2020-05-30,2020-05-23,Idaho,0,0
2020-06-06,2020-05-30,Idaho,0,0
2020-06-13,2020-06-06,Idaho,0,0
2020-06-20,2020-06-13,Idaho,0,0
2020-06-27,2020-06-20,Idaho,0,0
2020-07-04,2020-06-27,Idaho,0,0
2020-07-11,2020-07-04,Idaho,15,0
2020-07-18,2020-07-11,Idaho,26,0
2020-07-25,2020-07-18,Idaho,45,23
2020-08-01,2020-07-25,Idaho,49,22
2020-08-08,2020-08-01,Idaho,40,15
2020-08-15,2020-08-08,Idaho,32,12
2020-08-22,2020-08-15,Idaho,57,23
2020-08-29,2020-08-22,Idaho,28,11
2020-09-05,2020-08-29,Idaho,38,17
2020-09-12,2020-09-05,Idaho,25,11
2020-09-19,2020-09-12,Idaho,18,0
2020-09-26,2020-09-19,Idaho,25,13
2020-10-03,2020-09-26,Idaho,29,13
2020-10-10,2020-10-03,Idaho,24,14
2020-10-17,2020-10-10,Idaho,31,12
2020-10-24,2020-10-17,Idaho,24,11
2020-10-31,2020-10-24,Idaho,0,0
2020-02-01,2020-01-25,Illinois,0,0
2020-02-08,2020-02-01,Illinois,0,0
2020-02-15,2020-02-08,Illinois,0,0
2020-02-22,2020-02-15,Illinois,0,0
2020-02-29,2020-02-22,Illinois,0,0
2020-03-07,2020-02-29,Illinois,0,0
2020-03-14,2020-03-07,Illinois,0,0
2020-03-21,2020-03-14,Illinois,14,0
2020-03-28,2020-03-21,Illinois,73,44
2020-04-04,2020-03-28,Illinois,296,177
2020-04-11,2020-04-04,Illinois,469,253
2020-04-18,2020-04-11,Illinois,588,323
2020-04-25,2020-04-18,Illinois,676,325
2020-05-02,2020-04-25,Illinois,741,377
2020-05-09,2020-05-02,Illinois,787,397
2020-05-16,2020-05-09,Illinois,696,315
2020-05-23,2020-05-16,Illinois,572,302
2020-05-30,2020-05-23,Illinois,470,209
2020-06-06,2020-05-30,Illinois,426,203
2020-06-13,2020-06-06,Illinois,318,165
2020-06-20,2020-06-13,Illinois,269,120
2020-06-27,2020-06-20,Illinois,150,54
2020-07-04,2020-06-27,Illinois,146,62
2020-07-11,2020-07-04,Illinois,110,45
2020-07-18,2020-07-11,Illinois,89,33
2020-07-25,2020-07-18,Illinois,81,38
2020-08-01,2020-07-25,Illinois,89,37
2020-08-08,2020-08-01,Illinois,98,40
2020-08-15,2020-08-08,Illinois,100,38
2020-08-22,2020-08-15,Illinois,95,40
2020-08-29,2020-08-22,Illinois,128,60
2020-09-05,2020-08-29,Illinois,119,50
2020-09-12,2020-09-05,Illinois,118,57
2020-09-19,2020-09-12,Illinois,126,52
2020-09-26,2020-09-19,Illinois,135,65
2020-10-03,2020-09-26,Illinois,141,60
2020-10-10,2020-10-03,Illinois,180,86
2020-10-17,2020-10-10,Illinois,190,87
2020-10-24,2020-10-17,Illinois,94,46
2020-10-31,2020-10-24,Illinois,14,0
2020-02-01,2020-01-25,Indiana,0,0
2020-02-08,2020-02-01,Indiana,0,0
2020-02-15,2020-02-08,Indiana,0,0
2020-02-22,2020-02-15,Indiana,0,0
2020-02-29,2020-02-22,Indiana,0,0
2020-03-07,2020-02-29,Indiana,0,0
2020-03-14,2020-03-07,Indiana,0,0
2020-03-21,2020-03-14,Indiana,15,0
2020-03-28,2020-03-21,Indiana,51,24
2020-04-04,2020-03-28,Indiana,158,92
2020-04-11,2020-04-04,Indiana,235,122
2020-04-18,2020-04-11,Indiana,273,126
2020-04-25,2020-04-18,Indiana,307,128
2020-05-02,2020-04-25,Indiana,293,115
2020-05-09,2020-05-02,Indiana,263,101
2020-05-16,2020-05-09,Indiana,255,79
2020-05-23,2020-05-16,Indiana,197,65
2020-05-30,2020-05-23,Indiana,145,63
2020-06-06,2020-05-30,Indiana,139,60
2020-06-13,2020-06-06,Indiana,126,54
2020-06-20,2020-06-13,Indiana,111,41
2020-06-27,2020-06-20,Indiana,76,19
2020-07-04,2020-06-27,Indiana,63,17
2020-07-11,2020-07-04,Indiana,81,37
2020-07-18,2020-07-11,Indiana,64,24
2020-07-25,2020-07-18,Indiana,77,31
2020-08-01,2020-07-25,Indiana,79,34
2020-08-08,2020-08-01,Indiana,77,37
2020-08-15,2020-08-08,Indiana,98,38
2020-08-22,2020-08-15,Indiana,97,49
2020-08-29,2020-08-22,Indiana,77,34
2020-09-05,2020-08-29,Indiana,74,41
2020-09-12,2020-09-05,Indiana,87,45
2020-09-19,2020-09-12,Indiana,94,43
2020-09-26,2020-09-19,Indiana,97,39
2020-10-03,2020-09-26,Indiana,136,69
2020-10-10,2020-10-03,Indiana,133,65
2020-10-17,2020-10-10,Indiana,169,90
2020-10-24,2020-10-17,Indiana,93,38
2020-10-31,2020-10-24,Indiana,0,0
2020-02-01,2020-01-25,Iowa,0,0
2020-02-08,2020-02-01,Iowa,0,0
2020-02-15,2020-02-08,Iowa,0,0
2020-02-22,2020-02-15,Iowa,0,0
2020-02-29,2020-02-22,Iowa,0,0
2020-03-07,2020-02-29,Iowa,0,0
2020-03-14,2020-03-07,Iowa,0,0
2020-03-21,2020-03-14,Iowa,0,0
2020-03-28,2020-03-21,Iowa,0,0
2020-04-04,2020-03-28,Iowa,17,0
2020-04-11,2020-04-04,Iowa,22,0
2020-04-18,2020-04-11,Iowa,36,0
2020-04-25,2020-04-18,Iowa,52,12
2020-05-02,2020-04-25,Iowa,69,16
2020-05-09,2020-05-02,Iowa,91,25
2020-05-16,2020-05-09,Iowa,103,33
2020-05-23,2020-05-16,Iowa,101,35
2020-05-30,2020-05-23,Iowa,91,24
2020-06-06,2020-05-30,Iowa,68,22
2020-06-13,2020-06-06,Iowa,40,16
2020-06-20,2020-06-13,Iowa,32,13
2020-06-27,2020-06-20,Iowa,20,0
2020-07-04,2020-06-27,Iowa,20,0
2020-07-11,2020-07-04,Iowa,26,0
2020-07-18,2020-07-11,Iowa,40,12
2020-07-25,2020-07-18,Iowa,44,11
2020-08-01,2020-07-25,Iowa,51,22
2020-08-08,2020-08-01,Iowa,54,15
2020-08-15,2020-08-08,Iowa,55,14
2020-08-22,2020-08-15,Iowa,63,17
2020-08-29,2020-08-22,Iowa,77,30
2020-09-05,2020-08-29,Iowa,58,18
2020-09-12,2020-09-05,Iowa,59,23
2020-09-19,2020-09-12,Iowa,46,13
2020-09-26,2020-09-19,Iowa,57,15
2020-10-03,2020-09-26,Iowa,83,20
2020-10-10,2020-10-03,Iowa,91,29
2020-10-17,2020-10-10,Iowa,102,41
2020-10-24,2020-10-17,Iowa,81,23
2020-10-31,2020-10-24,Iowa,0,0
2020-02-01,2020-01-25,Kansas,0,0
2020-02-08,2020-02-01,Kansas,0,0
2020-02-15,2020-02-08,Kansas,0,0
2020-02-22,2020-02-15,Kansas,0,0
2020-02-29,2020-02-22,Kansas,0,0
2020-03-07,2020-02-29,Kansas,0,0
2020-03-14,2020-03-07,Kansas,0,0
2020-03-21,2020-03-14,Kansas,0,0
2020-03-28,2020-03-21,Kansas,0,0
2020-04-04,2020-03-28,Kansas,21,0
2020-04-11,2020-04-04,Kansas,35,14
2020-04-18,2020-04-11,Kansas,42,21
2020-04-25,2020-04-18,Kansas,22,13
2020-05-02,2020-04-25,Kansas,25,12
2020-05-09,2020-05-02,Kansas,34,15
2020-05-16,2020-05-09,Kansas,27,0
2020-05-23,2020-05-16,Kansas,0,0
2020-05-30,2020-05-23,Kansas,14,0
2020-06-06,2020-05-30,Kansas,18,0
2020-06-13,2020-06-06,Kansas,0,0
2020-06-20,2020-06-13,Kansas,20,14
2020-06-27,2020-06-20,Kansas,17,11
2020-07-04,2020-06-27,Kansas,12,0
2020-07-11,2020-07-04,Kansas,16,0
2020-07-18,2020-07-11,Kansas,24,0
2020-07-25,2020-07-18,Kansas,35,13
2020-08-01,2020-07-25,Kansas,40,19
2020-08-08,2020-08-01,Kansas,37,16
2020-08-15,2020-08-08,Kansas,40,15
2020-08-22,2020-08-15,Kansas,38,12
2020-08-29,2020-08-22,Kansas,49,15
2020-09-05,2020-08-29,Kansas,38,15
2020-09-12,2020-09-05,Kansas,55,19
2020-09-19,2020-09-12,Kansas,49,15
2020-09-26,2020-09-19,Kansas,56,24
2020-10-03,2020-09-26,Kansas,66,30
2020-10-10,2020-10-03,Kansas,74,27
2020-10-17,2020-10-10,Kansas,56,22
2020-10-24,2020-10-17,Kansas,57,15
2020-10-31,2020-10-24,Kansas,0,0
2020-02-01,2020-01-25,Kentucky,0,0
2020-02-08,2020-02-01,Kentucky,0,0
2020-02-15,2020-02-08,Kentucky,0,0
2020-02-22,2020-02-15,Kentucky,0,0
2020-02-29,2020-02-22,Kentucky,0,0
2020-03-07,2020-02-29,Kentucky,0,0
2020-03-14,2020-03-07,Kentucky,0,0
2020-03-21,2020-03-14,Kentucky,0,0
2020-03-28,2020-03-21,Kentucky,0,0
2020-04-04,2020-03-28,Kentucky,47,32
2020-04-11,2020-04-04,Kentucky,53,34
2020-04-18,2020-04-11,Kentucky,59,29
2020-04-25,2020-04-18,Kentucky,68,35
2020-05-02,2020-04-25,Kentucky,48,15
2020-05-09,2020-05-02,Kentucky,62,26
2020-05-16,2020-05-09,Kentucky,51,21
2020-05-23,2020-05-16,Kentucky,49,30
2020-05-30,2020-05-23,Kentucky,44,20
2020-06-06,2020-05-30,Kentucky,39,17
2020-06-13,2020-06-06,Kentucky,43,24
2020-06-20,2020-06-13,Kentucky,26,13
2020-06-27,2020-06-20,Kentucky,37,15
2020-07-04,2020-06-27,Kentucky,36,10
2020-07-11,2020-07-04,Kentucky,36,16
2020-07-18,2020-07-11,Kentucky,36,13
2020-07-25,2020-07-18,Kentucky,47,17
2020-08-01,2020-07-25,Kentucky,45,20
2020-08-08,2020-08-01,Kentucky,53,25
2020-08-15,2020-08-08,Kentucky,64,31
2020-08-22,2020-08-15,Kentucky,77,36
2020-08-29,2020-08-22,Kentucky,68,31
2020-09-05,2020-08-29,Kentucky,84,30
2020-09-12,2020-09-05,Kentucky,68,35
2020-09-19,2020-09-12,Kentucky,56,26
2020-09-26,2020-09-19,Kentucky,64,29
2020-10-03,2020-09-26,Kentucky,50,21
2020-10-10,2020-10-03,Kentucky,68,27
2020-10-17,2020-10-10,Kentucky,49,30
2020-10-24,2020-10-17,Kentucky,19,0
2020-10-31,2020-10-24,Kentucky,0,0
2020-02-01,2020-01-25,Louisiana,0,0
2020-02-08,2020-02-01,Louisiana,0,0
2020-02-15,2020-02-08,Louisiana,0,0
2020-02-22,2020-02-15,Louisiana,0,0
2020-02-29,2020-02-22,Louisiana,0,0
2020-03-07,2020-02-29,Louisiana,0,0
2020-03-14,2020-03-07,Louisiana,0,0
2020-03-21,2020-03-14,Louisiana,41,21
2020-03-28,2020-03-21,Louisiana,190,63
2020-04-04,2020-03-28,Louisiana,392,163
2020-04-11,2020-04-04,Louisiana,455,185
2020-04-18,2020-04-11,Louisiana,391,181
2020-04-25,2020-04-18,Louisiana,335,172
2020-05-02,2020-04-25,Louisiana,268,130
2020-05-09,2020-05-02,Louisiana,241,139
2020-05-16,2020-05-09,Louisiana,170,94
2020-05-23,2020-05-16,Louisiana,131,64
2020-05-30,2020-05-23,Louisiana,120,52
2020-06-06,2020-05-30,Louisiana,103,60
2020-06-13,2020-06-06,Louisiana,73,34
2020-06-20,2020-06-13,Louisiana,85,49
2020-06-27,2020-06-20,Louisiana,72,32
2020-07-04,2020-06-27,Louisiana,86,44
2020-07-11,2020-07-04,Louisiana,119,59
2020-07-18,2020-07-11,Louisiana,154,79
2020-07-25,2020-07-18,Louisiana,224,105
2020-08-01,2020-07-25,Louisiana,236,107
2020-08-08,2020-08-01,Louisiana,247,131
2020-08-15,2020-08-08,Louisiana,202,120
2020-08-22,2020-08-15,Louisiana,190,98
2020-08-29,2020-08-22,Louisiana,155,87
2020-09-05,2020-08-29,Louisiana,115,60
2020-09-12,2020-09-05,Louisiana,112,61
2020-09-19,2020-09-12,Louisiana,85,34
2020-09-26,2020-09-19,Louisiana,72,38
2020-10-03,2020-09-26,Louisiana,63,39
2020-10-10,2020-10-03,Louisiana,64,32
2020-10-17,2020-10-10,Louisiana,44,26
2020-10-24,2020-10-17,Louisiana,11,0
2020-10-31,2020-10-24,Louisiana,0,0
2020-02-01,2020-01-25,Maine,0,0
2020-02-08,2020-02-01,Maine,0,0
2020-02-15,2020-02-08,Maine,0,0
2020-02-22,2020-02-15,Maine,0,0
2020-02-29,2020-02-22,Maine,0,0
2020-03-07,2020-02-29,Maine,0,0
2020-03-14,2020-03-07,Maine,0,0
2020-03-21,2020-03-14,Maine,0,0
2020-03-28,2020-03-21,Maine,0,0
2020-04-04,2020-03-28,Maine,0,0
2020-04-11,2020-04-04,Maine,12,0
2020-04-18,2020-04-11,Maine,11,0
2020-04-25,2020-04-18,Maine,18,0
2020-05-02,2020-04-25,Maine,0,0
2020-05-09,2020-05-02,Maine,0,0
2020-05-16,2020-05-09,Maine,10,0
2020-05-23,2020-05-16,Maine,0,0
2020-05-30,2020-05-23,Maine,13,0
2020-06-06,2020-05-30,Maine,0,0
2020-06-13,2020-06-06,Maine,0,0
2020-06-20,2020-06-13,Maine,0,0
2020-06-27,2020-06-20,Maine,0,0
2020-07-04,2020-06-27,Maine,0,0
2020-07-11,2020-07-04,Maine,0,0
2020-07-18,2020-07-11,Maine,0,0
2020-07-25,2020-07-18,Maine,0,0
2020-08-01,2020-07-25,Maine,0,0
2020-08-08,2020-08-01,Maine,0,0
2020-08-15,2020-08-08,Maine,0,0
2020-08-22,2020-08-15,Maine,0,0
2020-08-29,2020-08-22,Maine,0,0
2020-09-05,2020-08-29,Maine,0,0
2020-09-12,2020-09-05,Maine,0,0
2020-09-19,2020-09-12,Maine,0,0
2020-09-26,2020-09-19,Maine,0,0
2020-10-03,2020-09-26,Maine,0,0
2020-10-10,2020-10-03,Maine,0,0
2020-10-17,2020-10-10,Maine,0,0
2020-10-24,2020-10-17,Maine,0,0
2020-10-31,2020-10-24,Maine,0,0
2020-02-01,2020-01-25,Maryland,0,0
2020-02-08,2020-02-01,Maryland,0,0
2020-02-15,2020-02-08,Maryland,0,0
2020-02-22,2020-02-15,Maryland,0,0
2020-02-29,2020-02-22,Maryland,0,0
2020-03-07,2020-02-29,Maryland,0,0
2020-03-14,2020-03-07,Maryland,0,0
2020-03-21,2020-03-14,Maryland,0,0
2020-03-28,2020-03-21,Maryland,18,10
2020-04-04,2020-03-28,Maryland,86,41
2020-04-11,2020-04-04,Maryland,212,90
2020-04-18,2020-04-11,Maryland,298,118
2020-04-25,2020-04-18,Maryland,392,124
2020-05-02,2020-04-25,Maryland,426,147
2020-05-09,2020-05-02,Maryland,415,160
2020-05-16,2020-05-09,Maryland,389,134
2020-05-23,2020-05-16,Maryland,296,110
2020-05-30,2020-05-23,Maryland,289,104
2020-06-06,2020-05-30,Maryland,233,104
2020-06-13,2020-06-06,Maryland,191,76
2020-06-20,2020-06-13,Maryland,134,45
2020-06-27,2020-06-20,Maryland,115,40
2020-07-04,2020-06-27,Maryland,92,29
2020-07-11,2020-07-04,Maryland,74,20
2020-07-18,2020-07-11,Maryland,62,25
2020-07-25,2020-07-18,Maryland,66,30
2020-08-01,2020-07-25,Maryland,79,25
2020-08-08,2020-08-01,Maryland,72,20
2020-08-15,2020-08-08,Maryland,60,23
2020-08-22,2020-08-15,Maryland,59,16
2020-08-29,2020-08-22,Maryland,56,16
2020-09-05,2020-08-29,Maryland,55,23
2020-09-12,2020-09-05,Maryland,37,12
2020-09-19,2020-09-12,Maryland,49,23
2020-09-26,2020-09-19,Maryland,49,19
2020-10-03,2020-09-26,Maryland,41,16
2020-10-10,2020-10-03,Maryland,48,19
2020-10-17,2020-10-10,Maryland,38,14
2020-10-24,2020-10-17,Maryland,33,15
2020-10-31,2020-10-24,Maryland,0,0
2020-02-01,2020-01-25,Massachusetts,0,0
2020-02-08,2020-02-01,Massachusetts,0,0
2020-02-15,2020-02-08,Massachusetts,0,0
2020-02-22,2020-02-15,Massachusetts,0,0
2020-02-29,2020-02-22,Massachusetts,0,0
2020-03-07,2020-02-29,Massachusetts,0,0
2020-03-14,2020-03-07,Massachusetts,0,0
2020-03-21,2020-03-14,Massachusetts,0,0
2020-03-28,2020-03-21,Massachusetts,48,20
2020-04-04,2020-03-28,Massachusetts,229,122
2020-04-11,2020-04-04,Massachusetts,640,241
2020-04-18,2020-04-11,Massachusetts,1106,367
2020-04-25,2020-04-18,Massachusetts,1235,453
2020-05-02,2020-04-25,Massachusetts,1121,410
2020-05-09,2020-05-02,Massachusetts,939,359
2020-05-16,2020-05-09,Massachusetts,788,242
2020-05-23,2020-05-16,Massachusetts,530,178
2020-05-30,2020-05-23,Massachusetts,390,150
2020-06-06,2020-05-30,Massachusetts,244,90
2020-06-13,2020-06-06,Massachusetts,181,73
2020-06-20,2020-06-13,Massachusetts,131,40
2020-06-27,2020-06-20,Massachusetts,95,24
2020-07-04,2020-06-27,Massachusetts,67,26
2020-07-11,2020-07-04,Massachusetts,58,14
2020-07-18,2020-07-11,Massachusetts,35,10
2020-07-25,2020-07-18,Massachusetts,36,10
2020-08-01,2020-07-25,Massachusetts,32,0
2020-08-08,2020-08-01,Massachusetts,28,0
2020-08-15,2020-08-08,Massachusetts,21,0
2020-08-22,2020-08-15,Massachusetts,33,0
2020-08-29,2020-08-22,Massachusetts,23,0
2020-09-05,2020-08-29,Massachusetts,18,0
2020-09-12,2020-09-05,Massachusetts,22,0
2020-09-19,2020-09-12,Massachusetts,27,0
2020-09-26,2020-09-19,Massachusetts,22,0
2020-10-03,2020-09-26,Massachusetts,25,10
2020-10-10,2020-10-03,Massachusetts,27,13
2020-10-17,2020-10-10,Massachusetts,38,14
2020-10-24,2020-10-17,Massachusetts,22,0
2020-10-31,2020-10-24,Massachusetts,0,0
2020-02-01,2020-01-25,Michigan,0,0
2020-02-08,2020-02-01,Michigan,0,0
2020-02-15,2020-02-08,Michigan,0,0
2020-02-22,2020-02-15,Michigan,0,0
2020-02-29,2020-02-22,Michigan,0,0
2020-03-07,2020-02-29,Michigan,0,0
2020-03-14,2020-03-07,Michigan,0,0
2020-03-21,2020-03-14,Michigan,21,0
2020-03-28,2020-03-21,Michigan,231,118
2020-04-04,2020-03-28,Michigan,679,369
2020-04-11,2020-04-04,Michigan,966,492
2020-04-18,2020-04-11,Michigan,972,510
2020-04-25,2020-04-18,Michigan,774,392
2020-05-02,2020-04-25,Michigan,593,276
2020-05-09,2020-05-02,Michigan,448,192
2020-05-16,2020-05-09,Michigan,289,142
2020-05-23,2020-05-16,Michigan,230,102
2020-05-30,2020-05-23,Michigan,171,61
2020-06-06,2020-05-30,Michigan,115,53
2020-06-13,2020-06-06,Michigan,77,27
2020-06-20,2020-06-13,Michigan,58,22
2020-06-27,2020-06-20,Michigan,46,16
2020-07-04,2020-06-27,Michigan,41,18
2020-07-11,2020-07-04,Michigan,42,13
2020-07-18,2020-07-11,Michigan,34,16
2020-07-25,2020-07-18,Michigan,36,12
2020-08-01,2020-07-25,Michigan,55,20
2020-08-08,2020-08-01,Michigan,45,20
2020-08-15,2020-08-08,Michigan,59,26
2020-08-22,2020-08-15,Michigan,58,25
2020-08-29,2020-08-22,Michigan,61,30
2020-09-05,2020-08-29,Michigan,54,28
2020-09-12,2020-09-05,Michigan,38,18
2020-09-19,2020-09-12,Michigan,54,28
2020-09-26,2020-09-19,Michigan,51,26
2020-10-03,2020-09-26,Michigan,76,30
2020-10-10,2020-10-03,Michigan,83,38
2020-10-17,2020-10-10,Michigan,107,53
2020-10-24,2020-10-17,Michigan,91,43
2020-10-31,2020-10-24,Michigan,0,0
2020-02-01,2020-01-25,Minnesota,0,0
2020-02-08,2020-02-01,Minnesota,0,0
2020-02-15,2020-02-08,Minnesota,0,0
2020-02-22,2020-02-15,Minnesota,0,0
2020-02-29,2020-02-22,Minnesota,0,0
2020-03-07,2020-02-29,Minnesota,0,0
2020-03-14,2020-03-07,Minnesota,0,0
2020-03-21,2020-03-14,Minnesota,0,0
2020-03-28,2020-03-21,Minnesota,11,0
2020-04-04,2020-03-28,Minnesota,25,10
2020-04-11,2020-04-04,Minnesota,45,18
2020-04-18,2020-04-11,Minnesota,79,24
2020-04-25,2020-04-18,Minnesota,147,41
2020-05-02,2020-04-25,Minnesota,155,43
2020-05-09,2020-05-02,Minnesota,167,42
2020-05-16,2020-05-09,Minnesota,142,53
2020-05-23,2020-05-16,Minnesota,164,40
2020-05-30,2020-05-23,Minnesota,156,37
2020-06-06,2020-05-30,Minnesota,151,40
2020-06-13,2020-06-06,Minnesota,90,25
2020-06-20,2020-06-13,Minnesota,68,16
2020-06-27,2020-06-20,Minnesota,54,12
2020-07-04,2020-06-27,Minnesota,44,0
2020-07-11,2020-07-04,Minnesota,32,0
2020-07-18,2020-07-11,Minnesota,38,10
2020-07-25,2020-07-18,Minnesota,34,0
2020-08-01,2020-07-25,Minnesota,36,10
2020-08-08,2020-08-01,Minnesota,46,17
2020-08-15,2020-08-08,Minnesota,46,16
2020-08-22,2020-08-15,Minnesota,57,20
2020-08-29,2020-08-22,Minnesota,39,17
2020-09-05,2020-08-29,Minnesota,51,16
2020-09-12,2020-09-05,Minnesota,56,13
2020-09-19,2020-09-12,Minnesota,47,13
2020-09-26,2020-09-19,Minnesota,56,20
2020-10-03,2020-09-26,Minnesota,68,26
2020-10-10,2020-10-03,Minnesota,80,24
2020-10-17,2020-10-10,Minnesota,91,29
2020-10-24,2020-10-17,Minnesota,68,20
2020-10-31,2020-10-24,Minnesota,0,0
2020-02-01,2020-01-25,Mississippi,0,0
2020-02-08,2020-02-01,Mississippi,0,0
2020-02-15,2020-02-08,Mississippi,0,0
2020-02-22,2020-02-15,Mississippi,0,0
2020-02-29,2020-02-22,Mississippi,0,0
2020-03-07,2020-02-29,Mississippi,0,0
2020-03-14,2020-03-07,Mississippi,0,0
2020-03-21,2020-03-14,Mississippi,0,0
2020-03-28,2020-03-21,Mississippi,15,0
2020-04-04,2020-03-28,Mississippi,53,24
2020-04-11,2020-04-04,Mississippi,65,35
2020-04-18,2020-04-11,Mississippi,66,32
2020-04-25,2020-04-18,Mississippi,67,29
2020-05-02,2020-04-25,Mississippi,100,45
2020-05-09,2020-05-02,Mississippi,86,28
2020-05-16,2020-05-09,Mississippi,108,54
2020-05-23,2020-05-16,Mississippi,100,48
2020-05-30,2020-05-23,Mississippi,107,56
2020-06-06,2020-05-30,Mississippi,89,39
2020-06-13,2020-06-06,Mississippi,69,36
2020-06-20,2020-06-13,Mississippi,75,39
2020-06-27,2020-06-20,Mississippi,68,35
2020-07-04,2020-06-27,Mississippi,91,38
2020-07-11,2020-07-04,Mississippi,119,53
2020-07-18,2020-07-11,Mississippi,127,78
2020-07-25,2020-07-18,Mississippi,162,85
2020-08-01,2020-07-25,Mississippi,224,117
2020-08-08,2020-08-01,Mississippi,198,115
2020-08-15,2020-08-08,Mississippi,192,116
2020-08-22,2020-08-15,Mississippi,187,111
2020-08-29,2020-08-22,Mississippi,154,73
2020-09-05,2020-08-29,Mississippi,113,60
2020-09-12,2020-09-05,Mississippi,107,57
2020-09-19,2020-09-12,Mississippi,103,46
2020-09-26,2020-09-19,Mississippi,99,55
2020-10-03,2020-09-26,Mississippi,82,42
2020-10-10,2020-10-03,Mississippi,63,35
2020-10-17,2020-10-10,Mississippi,51,31
2020-10-24,2020-10-17,Mississippi,31,17
2020-10-31,2020-10-24,Mississippi,0,0
2020-02-01,2020-01-25,Missouri,0,0
2020-02-08,2020-02-01,Missouri,0,0
2020-02-15,2020-02-08,Missouri,0,0
2020-02-22,2020-02-15,Missouri,0,0
2020-02-29,2020-02-22,Missouri,0,0
2020-03-07,2020-02-29,Missouri,0,0
2020-03-14,2020-03-07,Missouri,0,0
2020-03-21,2020-03-14,Missouri,0,0
2020-03-28,2020-03-21,Missouri,18,11
2020-04-04,2020-03-28,Missouri,55,24
2020-04-11,2020-04-04,Missouri,97,26
2020-04-18,2020-04-11,Missouri,93,24
2020-04-25,2020-04-18,Missouri,131,53
2020-05-02,2020-04-25,Missouri,119,41
2020-05-09,2020-05-02,Missouri,120,42
2020-05-16,2020-05-09,Missouri,92,25
2020-05-23,2020-05-16,Missouri,77,28
2020-05-30,2020-05-23,Missouri,59,16
2020-06-06,2020-05-30,Missouri,50,18
2020-06-13,2020-06-06,Missouri,44,16
2020-06-20,2020-06-13,Missouri,43,0
2020-06-27,2020-06-20,Missouri,43,12
2020-07-04,2020-06-27,Missouri,39,11
2020-07-11,2020-07-04,Missouri,37,0
2020-07-18,2020-07-11,Missouri,45,13
2020-07-25,2020-07-18,Missouri,82,30
2020-08-01,2020-07-25,Missouri,77,31
2020-08-08,2020-08-01,Missouri,98,39
2020-08-15,2020-08-08,Missouri,103,37
2020-08-22,2020-08-15,Missouri,98,42
2020-08-29,2020-08-22,Missouri,123,51
2020-09-05,2020-08-29,Missouri,109,54
2020-09-12,2020-09-05,Missouri,146,51
2020-09-19,2020-09-12,Missouri,125,62
2020-09-26,2020-09-19,Missouri,179,73
2020-10-03,2020-09-26,Missouri,221,82
2020-10-10,2020-10-03,Missouri,192,86
2020-10-17,2020-10-10,Missouri,157,60
2020-10-24,2020-10-17,Missouri,92,35
2020-10-31,2020-10-24,Missouri,20,0
2020-02-01,2020-01-25,Montana,0,0
2020-02-08,2020-02-01,Montana,0,0
2020-02-15,2020-02-08,Montana,0,0
2020-02-22,2020-02-15,Montana,0,0
2020-02-29,2020-02-22,Montana,0,0
2020-03-07,2020-02-29,Montana,0,0
2020-03-14,2020-03-07,Montana,0,0
2020-03-21,2020-03-14,Montana,0,0
2020-03-28,2020-03-21,Montana,0,0
2020-04-04,2020-03-28,Montana,0,0
2020-04-11,2020-04-04,Montana,0,0
2020-04-18,2020-04-11,Montana,0,0
2020-04-25,2020-04-18,Montana,0,0
2020-05-02,2020-04-25,Montana,0,0
2020-05-09,2020-05-02,Montana,0,0
2020-05-16,2020-05-09,Montana,0,0
2020-05-23,2020-05-16,Montana,0,0
2020-05-30,2020-05-23,Montana,0,0
2020-06-06,2020-05-30,Montana,0,0
2020-06-13,2020-06-06,Montana,0,0
2020-06-20,2020-06-13,Montana,0,0
2020-06-27,2020-06-20,Montana,0,0
2020-07-04,2020-06-27,Montana,0,0
2020-07-11,2020-07-04,Montana,0,0
2020-07-18,2020-07-11,Montana,0,0
2020-07-25,2020-07-18,Montana,12,0
2020-08-01,2020-07-25,Montana,16,0
2020-08-08,2020-08-01,Montana,15,0
2020-08-15,2020-08-08,Montana,0,0
2020-08-22,2020-08-15,Montana,11,0
2020-08-29,2020-08-22,Montana,12,0
2020-09-05,2020-08-29,Montana,18,12
2020-09-12,2020-09-05,Montana,25,16
2020-09-19,2020-09-12,Montana,15,0
2020-09-26,2020-09-19,Montana,19,0
2020-10-03,2020-09-26,Montana,27,15
2020-10-10,2020-10-03,Montana,41,24
2020-10-17,2020-10-10,Montana,29,13
2020-10-24,2020-10-17,Montana,14,0
2020-10-31,2020-10-24,Montana,0,0
2020-02-01,2020-01-25,Nebraska,0,0
2020-02-08,2020-02-01,Nebraska,0,0
2020-02-15,2020-02-08,Nebraska,0,0
2020-02-22,2020-02-15,Nebraska,0,0
2020-02-29,2020-02-22,Nebraska,0,0
2020-03-07,2020-02-29,Nebraska,0,0
2020-03-14,2020-03-07,Nebraska,0,0
2020-03-21,2020-03-14,Nebraska,0,0
2020-03-28,2020-03-21,Nebraska,0,0
2020-04-04,2020-03-28,Nebraska,0,0
2020-04-11,2020-04-04,Nebraska,11,0
2020-04-18,2020-04-11,Nebraska,16,0
2020-04-25,2020-04-18,Nebraska,30,0
2020-05-02,2020-04-25,Nebraska,20,0
2020-05-09,2020-05-02,Nebraska,21,0
2020-05-16,2020-05-09,Nebraska,30,12
2020-05-23,2020-05-16,Nebraska,32,12
2020-05-30,2020-05-23,Nebraska,22,0
2020-06-06,2020-05-30,Nebraska,19,10
2020-06-13,2020-06-06,Nebraska,27,0
2020-06-20,2020-06-13,Nebraska,24,17
2020-06-27,2020-06-20,Nebraska,18,0
2020-07-04,2020-06-27,Nebraska,12,0
2020-07-11,2020-07-04,Nebraska,10,0
2020-07-18,2020-07-11,Nebraska,0,0
2020-07-25,2020-07-18,Nebraska,14,0
2020-08-01,2020-07-25,Nebraska,13,0
2020-08-08,2020-08-01,Nebraska,23,0
2020-08-15,2020-08-08,Nebraska,22,0
2020-08-22,2020-08-15,Nebraska,27,0
2020-08-29,2020-08-22,Nebraska,13,0
2020-09-05,2020-08-29,Nebraska,34,17
2020-09-12,2020-09-05,Nebraska,24,12
2020-09-19,2020-09-12,Nebraska,23,0
2020-09-26,2020-09-19,Nebraska,24,17
2020-10-03,2020-09-26,Nebraska,39,16
2020-10-10,2020-10-03,Nebraska,48,14
2020-10-17,2020-10-10,Nebraska,40,21
2020-10-24,2020-10-17,Nebraska,34,11
2020-10-31,2020-10-24,Nebraska,0,0
2020-02-01,2020-01-25,Nevada,0,0
2020-02-08,2020-02-01,Nevada,0,0
2020-02-15,2020-02-08,Nevada,0,0
2020-02-22,2020-02-15,Nevada,0,0
2020-02-29,2020-02-22,Nevada,0,0
2020-03-07,2020-02-29,Nevada,0,0
2020-03-14,2020-03-07,Nevada,0,0
2020-03-21,2020-03-14,Nevada,0,0
2020-03-28,2020-03-21,Nevada,19,16
2020-04-04,2020-03-28,Nevada,43,33
2020-04-11,2020-04-04,Nevada,55,43
2020-04-18,2020-04-11,Nevada,43,33
2020-04-25,2020-04-18,Nevada,62,50
2020-05-02,2020-04-25,Nevada,48,32
2020-05-09,2020-05-02,Nevada,51,32
2020-05-16,2020-05-09,Nevada,34,24
2020-05-23,2020-05-16,Nevada,36,24
2020-05-30,2020-05-23,Nevada,29,21
2020-06-06,2020-05-30,Nevada,21,15
2020-06-13,2020-06-06,Nevada,17,0
2020-06-20,2020-06-13,Nevada,20,15
2020-06-27,2020-06-20,Nevada,23,16
2020-07-04,2020-06-27,Nevada,43,34
2020-07-11,2020-07-04,Nevada,67,50
2020-07-18,2020-07-11,Nevada,87,70
2020-07-25,2020-07-18,Nevada,93,70
2020-08-01,2020-07-25,Nevada,106,78
2020-08-08,2020-08-01,Nevada,131,109
2020-08-15,2020-08-08,Nevada,115,89
2020-08-22,2020-08-15,Nevada,100,78
2020-08-29,2020-08-22,Nevada,75,55
2020-09-05,2020-08-29,Nevada,74,55
2020-09-12,2020-09-05,Nevada,60,49
2020-09-19,2020-09-12,Nevada,51,34
2020-09-26,2020-09-19,Nevada,38,30
2020-10-03,2020-09-26,Nevada,34,26
2020-10-10,2020-10-03,Nevada,37,25
2020-10-17,2020-10-10,Nevada,22,16
2020-10-24,2020-10-17,Nevada,13,13
2020-10-31,2020-10-24,Nevada,0,0
2020-02-01,2020-01-25,New Hampshire,0,0
2020-02-08,2020-02-01,New Hampshire,0,0
2020-02-15,2020-02-08,New Hampshire,0,0
2020-02-22,2020-02-15,New Hampshire,0,0
2020-02-29,2020-02-22,New Hampshire,0,0
2020-03-07,2020-02-29,New Hampshire,0,0
2020-03-14,2020-03-07,New Hampshire,0,0
2020-03-21,2020-03-14,New Hampshire,0,0
2020-03-28,2020-03-21,New Hampshire,0,0
2020-04-04,2020-03-28,New Hampshire,12,0
2020-04-11,2020-04-04,New Hampshire,17,0
2020-04-18,2020-04-11,New Hampshire,16,0
2020-04-25,2020-04-18,New Hampshire,19,0
2020-05-02,2020-04-25,New Hampshire,37,0
2020-05-09,2020-05-02,New Hampshire,43,0
2020-05-16,2020-05-09,New Hampshire,40,20
2020-05-23,2020-05-16,New Hampshire,35,12
2020-05-30,2020-05-23,New Hampshire,39,0
2020-06-06,2020-05-30,New Hampshire,33,0
2020-06-13,2020-06-06,New Hampshire,31,0
2020-06-20,2020-06-13,New Hampshire,13,0
2020-06-27,2020-06-20,New Hampshire,24,0
2020-07-04,2020-06-27,New Hampshire,14,0
2020-07-11,2020-07-04,New Hampshire,0,0
2020-07-18,2020-07-11,New Hampshire,0,0
2020-07-25,2020-07-18,New Hampshire,0,0
2020-08-01,2020-07-25,New Hampshire,0,0
2020-08-08,2020-08-01,New Hampshire,0,0
2020-08-15,2020-08-08,New Hampshire,0,0
2020-08-22,2020-08-15,New Hampshire,0,0
2020-08-29,2020-08-22,New Hampshire,0,0
2020-09-05,2020-08-29,New Hampshire,0,0
2020-09-12,2020-09-05,New Hampshire,0,0
2020-09-19,2020-09-12,New Hampshire,0,0
2020-09-26,2020-09-19,New Hampshire,0,0
2020-10-03,2020-09-26,New Hampshire,0,0
2020-10-10,2020-10-03,New Hampshire,16,0
2020-10-17,2020-10-10,New Hampshire,0,0
2020-10-24,2020-10-17,New Hampshire,10,0
2020-10-31,2020-10-24,New Hampshire,0,0
2020-02-01,2020-01-25,New Jersey,0,0
2020-02-08,2020-02-01,New Jersey,0,0
2020-02-15,2020-02-08,New Jersey,0,0
2020-02-22,2020-02-15,New Jersey,0,0
2020-02-29,2020-02-22,New Jersey,0,0
2020-03-07,2020-02-29,New Jersey,0,0
2020-03-14,2020-03-07,New Jersey,0,0
2020-03-21,2020-03-14,New Jersey,37,22
2020-03-28,2020-03-21,New Jersey,292,153
2020-04-04,2020-03-28,New Jersey,1233,629
2020-04-11,2020-04-04,New Jersey,2358,1182
2020-04-18,2020-04-11,New Jersey,2487,1153
2020-04-25,2020-04-18,New Jersey,2041,1005
2020-05-02,2020-04-25,New Jersey,1552,766
2020-05-09,2020-05-02,New Jersey,1121,531
2020-05-16,2020-05-09,New Jersey,826,391
2020-05-23,2020-05-16,New Jersey,554,259
2020-05-30,2020-05-23,New Jersey,395,201
2020-06-06,2020-05-30,New Jersey,312,152
2020-06-13,2020-06-06,New Jersey,220,102
2020-06-20,2020-06-13,New Jersey,162,76
2020-06-27,2020-06-20,New Jersey,139,45
2020-07-04,2020-06-27,New Jersey,102,41
2020-07-11,2020-07-04,New Jersey,85,33
2020-07-18,2020-07-11,New Jersey,61,22
2020-07-25,2020-07-18,New Jersey,63,21
2020-08-01,2020-07-25,New Jersey,60,25
2020-08-08,2020-08-01,New Jersey,36,14
2020-08-15,2020-08-08,New Jersey,44,18
2020-08-22,2020-08-15,New Jersey,35,15
2020-08-29,2020-08-22,New Jersey,33,11
2020-09-05,2020-08-29,New Jersey,32,18
2020-09-12,2020-09-05,New Jersey,35,20
2020-09-19,2020-09-12,New Jersey,33,11
2020-09-26,2020-09-19,New Jersey,31,17
2020-10-03,2020-09-26,New Jersey,33,13
2020-10-10,2020-10-03,New Jersey,52,17
2020-10-17,2020-10-10,New Jersey,52,24
2020-10-24,2020-10-17,New Jersey,45,18
2020-10-31,2020-10-24,New Jersey,0,0
2020-02-01,2020-01-25,New Mexico,0,0
2020-02-08,2020-02-01,New Mexico,0,0
2020-02-15,2020-02-08,New Mexico,0,0
2020-02-22,2020-02-15,New Mexico,0,0
2020-02-29,2020-02-22,New Mexico,0,0
2020-03-07,2020-02-29,New Mexico,0,0
2020-03-14,2020-03-07,New Mexico,0,0
2020-03-21,2020-03-14,New Mexico,0,0
2020-03-28,2020-03-21,New Mexico,0,0
2020-04-04,2020-03-28,New Mexico,0,0
2020-04-11,2020-04-04,New Mexico,22,11
2020-04-18,2020-04-11,New Mexico,34,19
2020-04-25,2020-04-18,New Mexico,47,17
2020-05-02,2020-04-25,New Mexico,74,36
2020-05-09,2020-05-02,New Mexico,68,22
2020-05-16,2020-05-09,New Mexico,64,15
2020-05-23,2020-05-16,New Mexico,42,18
2020-05-30,2020-05-23,New Mexico,51,26
2020-06-06,2020-05-30,New Mexico,36,17
2020-06-13,2020-06-06,New Mexico,36,21
2020-06-20,2020-06-13,New Mexico,28,13
2020-06-27,2020-06-20,New Mexico,20,0
2020-07-04,2020-06-27,New Mexico,27,10
2020-07-11,2020-07-04,New Mexico,29,14
2020-07-18,2020-07-11,New Mexico,31,14
2020-07-25,2020-07-18,New Mexico,45,25
2020-08-01,2020-07-25,New Mexico,39,18
2020-08-08,2020-08-01,New Mexico,25,10
2020-08-15,2020-08-08,New Mexico,20,10
2020-08-22,2020-08-15,New Mexico,20,11
2020-08-29,2020-08-22,New Mexico,18,0
2020-09-05,2020-08-29,New Mexico,11,0
2020-09-12,2020-09-05,New Mexico,0,0
2020-09-19,2020-09-12,New Mexico,10,0
2020-09-26,2020-09-19,New Mexico,0,0
2020-10-03,2020-09-26,New Mexico,10,0
2020-10-10,2020-10-03,New Mexico,12,0
2020-10-17,2020-10-10,New Mexico,14,12
2020-10-24,2020-10-17,New Mexico,15,0
2020-10-31,2020-10-24,New Mexico,0,0
2020-02-01,2020-01-25,New York,0,0
2020-02-08,2020-02-01,New York,0,0
2020-02-15,2020-02-08,New York,0,0
2020-02-22,2020-02-15,New York,0,0
2020-02-29,2020-02-22,New York,0,0
2020-03-07,2020-02-29,New York,0,0
2020-03-14,2020-03-07,New York,0,0
2020-03-21,2020-03-14,New York,41,20
2020-03-28,2020-03-21,New York,294,179
2020-04-04,2020-03-28,New York,1124,630
2020-04-11,2020-04-04,New York,2003,1045
2020-04-18,2020-04-11,New York,2008,1011
2020-04-25,2020-04-18,New York,1593,759
2020-05-02,2020-04-25,New York,1134,510
2020-05-09,2020-05-02,New York,879,400
2020-05-16,2020-05-09,New York,669,298
2020-05-23,2020-05-16,New York,454,196
2020-05-30,2020-05-23,New York,329,128
2020-06-06,2020-05-30,New York,263,119
2020-06-13,2020-06-06,New York,180,76
2020-06-20,2020-06-13,New York,127,46
2020-06-27,2020-06-20,New York,76,30
2020-07-04,2020-06-27,New York,61,20
2020-07-11,2020-07-04,New York,64,18
2020-07-18,2020-07-11,New York,58,22
2020-07-25,2020-07-18,New York,44,15
2020-08-01,2020-07-25,New York,39,0
2020-08-08,2020-08-01,New York,31,14
2020-08-15,2020-08-08,New York,39,14
2020-08-22,2020-08-15,New York,33,10
2020-08-29,2020-08-22,New York,23,0
2020-09-05,2020-08-29,New York,29,12
2020-09-12,2020-09-05,New York,25,12
2020-09-19,2020-09-12,New York,22,0
2020-09-26,2020-09-19,New York,21,0
2020-10-03,2020-09-26,New York,50,18
2020-10-10,2020-10-03,New York,49,18
2020-10-17,2020-10-10,New York,58,17
2020-10-24,2020-10-17,New York,61,17
2020-10-31,2020-10-24,New York,16,0
2020-02-01,2020-01-25,New York City,0,0
2020-02-08,2020-02-01,New York City,0,0
2020-02-15,2020-02-08,New York City,0,0
2020-02-22,2020-02-15,New York City,0,0
2020-02-29,2020-02-22,New York City,0,0
2020-03-07,2020-02-29,New York City,0,0
2020-03-14,2020-03-07,New York City,0,0
2020-03-21,2020-03-14,New York City,124,39
2020-03-28,2020-03-21,New York City,977,367
2020-04-04,2020-03-28,New York City,3306,1368
2020-04-11,2020-04-04,New York City,4850,1855
2020-04-18,2020-04-11,New York City,3905,1428
2020-04-25,2020-04-18,New York City,2621,1053
2020-05-02,2020-04-25,New York City,1724,671
2020-05-09,2020-05-02,New York City,1050,408
2020-05-16,2020-05-09,New York City,616,241
2020-05-23,2020-05-16,New York City,414,146
2020-05-30,2020-05-23,New York City,280,98
2020-06-06,2020-05-30,New York City,196,74
2020-06-13,2020-06-06,New York City,139,45
2020-06-20,2020-06-13,New York City,89,34
2020-06-27,2020-06-20,New York City,72,19
2020-07-04,2020-06-27,New York City,49,16
2020-07-11,2020-07-04,New York City,43,15
2020-07-18,2020-07-11,New York City,50,17
2020-07-25,2020-07-18,New York City,44,12
2020-08-01,2020-07-25,New York City,34,15
2020-08-08,2020-08-01,New York City,23,0
2020-08-15,2020-08-08,New York City,29,0
2020-08-22,2020-08-15,New York City,20,0
2020-08-29,2020-08-22,New York City,19,0
2020-09-05,2020-08-29,New York City,23,0
2020-09-12,2020-09-05,New York City,17,0
2020-09-19,2020-09-12,New York City,26,0
2020-09-26,2020-09-19,New York City,20,0
2020-10-03,2020-09-26,New York City,33,15
2020-10-10,2020-10-03,New York City,24,0
2020-10-17,2020-10-10,New York City,40,11
2020-10-24,2020-10-17,New York City,23,0
2020-10-31,2020-10-24,New York City,17,0
2020-02-01,2020-01-25,North Carolina,0,0
2020-02-08,2020-02-01,North Carolina,0,0
2020-02-15,2020-02-08,North Carolina,0,0
2020-02-22,2020-02-15,North Carolina,0,0
2020-02-29,2020-02-22,North Carolina,0,0
2020-03-07,2020-02-29,North Carolina,0,0
2020-03-14,2020-03-07,North Carolina,0,0
2020-03-21,2020-03-14,North Carolina,0,0
2020-03-28,2020-03-21,North Carolina,11,0
2020-04-04,2020-03-28,North Carolina,44,16
2020-04-11,2020-04-04,North Carolina,61,26
2020-04-18,2020-04-11,North Carolina,138,48
2020-04-25,2020-04-18,North Carolina,120,42
2020-05-02,2020-04-25,North Carolina,119,38
2020-05-09,2020-05-02,North Carolina,118,45
2020-05-16,2020-05-09,North Carolina,103,40
2020-05-23,2020-05-16,North Carolina,106,33
2020-05-30,2020-05-23,North Carolina,160,58
2020-06-06,2020-05-30,North Carolina,127,45
2020-06-13,2020-06-06,North Carolina,113,46
2020-06-20,2020-06-13,North Carolina,101,37
2020-06-27,2020-06-20,North Carolina,103,43
2020-07-04,2020-06-27,North Carolina,101,42
2020-07-11,2020-07-04,North Carolina,129,48
2020-07-18,2020-07-11,North Carolina,151,60
2020-07-25,2020-07-18,North Carolina,181,71
2020-08-01,2020-07-25,North Carolina,199,83
2020-08-08,2020-08-01,North Carolina,175,77
2020-08-15,2020-08-08,North Carolina,169,88
2020-08-22,2020-08-15,North Carolina,144,62
2020-08-29,2020-08-22,North Carolina,59,25
2020-09-05,2020-08-29,North Carolina,31,15
2020-09-12,2020-09-05,North Carolina,15,0
2020-09-19,2020-09-12,North Carolina,0,0
2020-09-26,2020-09-19,North Carolina,0,0
2020-10-03,2020-09-26,North Carolina,0,0
2020-10-10,2020-10-03,North Carolina,0,0
2020-10-17,2020-10-10,North Carolina,0,0
2020-10-24,2020-10-17,North Carolina,0,0
2020-10-31,2020-10-24,North Carolina,0,0
2020-02-01,2020-01-25,North Dakota,0,0
2020-02-08,2020-02-01,North Dakota,0,0
2020-02-15,2020-02-08,North Dakota,0,0
2020-02-22,2020-02-15,North Dakota,0,0
2020-02-29,2020-02-22,North Dakota,0,0
2020-03-07,2020-02-29,North Dakota,0,0
2020-03-14,2020-03-07,North Dakota,0,0
2020-03-21,2020-03-14,North Dakota,0,0
2020-03-28,2020-03-21,North Dakota,0,0
2020-04-04,2020-03-28,North Dakota,0,0
2020-04-11,2020-04-04,North Dakota,0,0
2020-04-18,2020-04-11,North Dakota,0,0
2020-04-25,2020-04-18,North Dakota,11,0
2020-05-02,2020-04-25,North Dakota,0,0
2020-05-09,2020-05-02,North Dakota,11,0
2020-05-16,2020-05-09,North Dakota,14,0
2020-05-23,2020-05-16,North Dakota,10,0
2020-05-30,2020-05-23,North Dakota,14,0
2020-06-06,2020-05-30,North Dakota,0,0
2020-06-13,2020-06-06,North Dakota,0,0
2020-06-20,2020-06-13,North Dakota,0,0
2020-06-27,2020-06-20,North Dakota,0,0
2020-07-04,2020-06-27,North Dakota,0,0
2020-07-11,2020-07-04,North Dakota,0,0
2020-07-18,2020-07-11,North Dakota,0,0
2020-07-25,2020-07-18,North Dakota,10,0
2020-08-01,2020-07-25,North Dakota,0,0
2020-08-08,2020-08-01,North Dakota,0,0
2020-08-15,2020-08-08,North Dakota,14,0
2020-08-22,2020-08-15,North Dakota,0,0
2020-08-29,2020-08-22,North Dakota,0,0
2020-09-05,2020-08-29,North Dakota,14,0
2020-09-12,2020-09-05,North Dakota,12,0
2020-09-19,2020-09-12,North Dakota,17,0
2020-09-26,2020-09-19,North Dakota,46,21
2020-10-03,2020-09-26,North Dakota,58,27
2020-10-10,2020-10-03,North Dakota,69,38
2020-10-17,2020-10-10,North Dakota,48,29
2020-10-24,2020-10-17,North Dakota,31,14
2020-10-31,2020-10-24,North Dakota,11,0
2020-02-01,2020-01-25,Ohio,0,0
2020-02-08,2020-02-01,Ohio,0,0
2020-02-15,2020-02-08,Ohio,0,0
2020-02-22,2020-02-15,Ohio,0,0
2020-02-29,2020-02-22,Ohio,0,0
2020-03-07,2020-02-29,Ohio,0,0
2020-03-14,2020-03-07,Ohio,0,0
2020-03-21,2020-03-14,Ohio,0,0
2020-03-28,2020-03-21,Ohio,44,18
2020-04-04,2020-03-28,Ohio,117,52
2020-04-11,2020-04-04,Ohio,177,82
2020-04-18,2020-04-11,Ohio,270,135
2020-04-25,2020-04-18,Ohio,285,120
2020-05-02,2020-04-25,Ohio,322,127
2020-05-09,2020-05-02,Ohio,289,98
2020-05-16,2020-05-09,Ohio,256,116
2020-05-23,2020-05-16,Ohio,266,110
2020-05-30,2020-05-23,Ohio,179,69
2020-06-06,2020-05-30,Ohio,183,79
2020-06-13,2020-06-06,Ohio,129,55
2020-06-20,2020-06-13,Ohio,107,36
2020-06-27,2020-06-20,Ohio,104,39
2020-07-04,2020-06-27,Ohio,103,40
2020-07-11,2020-07-04,Ohio,127,57
2020-07-18,2020-07-11,Ohio,121,54
2020-07-25,2020-07-18,Ohio,179,75
2020-08-01,2020-07-25,Ohio,182,81
2020-08-08,2020-08-01,Ohio,160,74
2020-08-15,2020-08-08,Ohio,180,80
2020-08-22,2020-08-15,Ohio,174,77
2020-08-29,2020-08-22,Ohio,180,77
2020-09-05,2020-08-29,Ohio,162,74
2020-09-12,2020-09-05,Ohio,149,67
2020-09-19,2020-09-12,Ohio,115,51
2020-09-26,2020-09-19,Ohio,134,55
2020-10-03,2020-09-26,Ohio,124,57
2020-10-10,2020-10-03,Ohio,121,62
2020-10-17,2020-10-10,Ohio,93,46
2020-10-24,2020-10-17,Ohio,41,18
2020-10-31,2020-10-24,Ohio,0,0
2020-02-01,2020-01-25,Oklahoma,0,0
2020-02-08,2020-02-01,Oklahoma,0,0
2020-02-15,2020-02-08,Oklahoma,0,0
2020-02-22,2020-02-15,Oklahoma,0,0
2020-02-29,2020-02-22,Oklahoma,0,0
2020-03-07,2020-02-29,Oklahoma,0,0
2020-03-14,2020-03-07,Oklahoma,0,0
2020-03-21,2020-03-14,Oklahoma,0,0
2020-03-28,2020-03-21,Oklahoma,18,0
2020-04-04,2020-03-28,Oklahoma,41,20
2020-04-11,2020-04-04,Oklahoma,51,26
2020-04-18,2020-04-11,Oklahoma,46,15
2020-04-25,2020-04-18,Oklahoma,43,0
2020-05-02,2020-04-25,Oklahoma,42,20
2020-05-09,2020-05-02,Oklahoma,28,13
2020-05-16,2020-05-09,Oklahoma,20,0
2020-05-23,2020-05-16,Oklahoma,23,10
2020-05-30,2020-05-23,Oklahoma,25,10
2020-06-06,2020-05-30,Oklahoma,14,0
2020-06-13,2020-06-06,Oklahoma,15,0
2020-06-20,2020-06-13,Oklahoma,18,0
2020-06-27,2020-06-20,Oklahoma,18,0
2020-07-04,2020-06-27,Oklahoma,22,0
2020-07-11,2020-07-04,Oklahoma,37,13
2020-07-18,2020-07-11,Oklahoma,48,23
2020-07-25,2020-07-18,Oklahoma,66,31
2020-08-01,2020-07-25,Oklahoma,74,24
2020-08-08,2020-08-01,Oklahoma,73,26
2020-08-15,2020-08-08,Oklahoma,89,34
2020-08-22,2020-08-15,Oklahoma,71,24
2020-08-29,2020-08-22,Oklahoma,76,28
2020-09-05,2020-08-29,Oklahoma,72,26
2020-09-12,2020-09-05,Oklahoma,71,36
2020-09-19,2020-09-12,Oklahoma,68,18
2020-09-26,2020-09-19,Oklahoma,76,35
2020-10-03,2020-09-26,Oklahoma,67,34
2020-10-10,2020-10-03,Oklahoma,75,26
2020-10-17,2020-10-10,Oklahoma,43,17
2020-10-24,2020-10-17,Oklahoma,12,0
2020-10-31,2020-10-24,Oklahoma,0,0
2020-02-01,2020-01-25,Oregon,0,0
2020-02-08,2020-02-01,Oregon,0,0
2020-02-15,2020-02-08,Oregon,0,0
2020-02-22,2020-02-15,Oregon,0,0
2020-02-29,2020-02-22,Oregon,0,0
2020-03-07,2020-02-29,Oregon,0,0
2020-03-14,2020-03-07,Oregon,0,0
2020-03-21,2020-03-14,Oregon,0,0
2020-03-28,2020-03-21,Oregon,14,0
2020-04-04,2020-03-28,Oregon,24,0
2020-04-11,2020-04-04,Oregon,25,11
2020-04-18,2020-04-11,Oregon,25,10
2020-04-25,2020-04-18,Oregon,30,0
2020-05-02,2020-04-25,Oregon,15,0
2020-05-09,2020-05-02,Oregon,19,0
2020-05-16,2020-05-09,Oregon,14,0
2020-05-23,2020-05-16,Oregon,0,0
2020-05-30,2020-05-23,Oregon,11,0
2020-06-06,2020-05-30,Oregon,0,0
2020-06-13,2020-06-06,Oregon,15,0
2020-06-20,2020-06-13,Oregon,12,0
2020-06-27,2020-06-20,Oregon,15,0
2020-07-04,2020-06-27,Oregon,20,0
2020-07-11,2020-07-04,Oregon,14,0
2020-07-18,2020-07-11,Oregon,28,0
2020-07-25,2020-07-18,Oregon,26,10
2020-08-01,2020-07-25,Oregon,32,11
2020-08-08,2020-08-01,Oregon,31,10
2020-08-15,2020-08-08,Oregon,32,11
2020-08-22,2020-08-15,Oregon,24,10
2020-08-29,2020-08-22,Oregon,33,13
2020-09-05,2020-08-29,Oregon,20,0
2020-09-12,2020-09-05,Oregon,22,0
2020-09-19,2020-09-12,Oregon,15,0
2020-09-26,2020-09-19,Oregon,16,0
2020-10-03,2020-09-26,Oregon,21,0
2020-10-10,2020-10-03,Oregon,17,0
2020-10-17,2020-10-10,Oregon,20,0
2020-10-24,2020-10-17,Oregon,0,0
2020-10-31,2020-10-24,Oregon,0,0
2020-02-01,2020-01-25,Pennsylvania,0,0
2020-02-08,2020-02-01,Pennsylvania,0,0
2020-02-15,2020-02-08,Pennsylvania,0,0
2020-02-22,2020-02-15,Pennsylvania,0,0
2020-02-29,2020-02-22,Pennsylvania,0,0
2020-03-07,2020-02-29,Pennsylvania,0,0
2020-03-14,2020-03-07,Pennsylvania,0,0
2020-03-21,2020-03-14,Pennsylvania,0,0
2020-03-28,2020-03-21,Pennsylvania,52,27
2020-04-04,2020-03-28,Pennsylvania,211,84
2020-04-11,2020-04-04,Pennsylvania,639,270
2020-04-18,2020-04-11,Pennsylvania,914,344
2020-04-25,2020-04-18,Pennsylvania,1073,417
2020-05-02,2020-04-25,Pennsylvania,944,315
2020-05-09,2020-05-02,Pennsylvania,849,322
2020-05-16,2020-05-09,Pennsylvania,712,252
2020-05-23,2020-05-16,Pennsylvania,510,179
2020-05-30,2020-05-23,Pennsylvania,357,121
2020-06-06,2020-05-30,Pennsylvania,273,74
2020-06-13,2020-06-06,Pennsylvania,206,68
2020-06-20,2020-06-13,Pennsylvania,182,55
2020-06-27,2020-06-20,Pennsylvania,146,33
2020-07-04,2020-06-27,Pennsylvania,136,40
2020-07-11,2020-07-04,Pennsylvania,126,40
2020-07-18,2020-07-11,Pennsylvania,109,30
2020-07-25,2020-07-18,Pennsylvania,95,30
2020-08-01,2020-07-25,Pennsylvania,103,36
2020-08-08,2020-08-01,Pennsylvania,135,40
2020-08-15,2020-08-08,Pennsylvania,122,39
2020-08-22,2020-08-15,Pennsylvania,98,38
2020-08-29,2020-08-22,Pennsylvania,103,43
2020-09-05,2020-08-29,Pennsylvania,83,25
2020-09-12,2020-09-05,Pennsylvania,97,30
2020-09-19,2020-09-12,Pennsylvania,92,29
2020-09-26,2020-09-19,Pennsylvania,94,32
2020-10-03,2020-09-26,Pennsylvania,121,45
2020-10-10,2020-10-03,Pennsylvania,142,51
2020-10-17,2020-10-10,Pennsylvania,142,55
2020-10-24,2020-10-17,Pennsylvania,112,54
2020-10-31,2020-10-24,Pennsylvania,18,12
2020-02-01,2020-01-25,Rhode Island,0,0
2020-02-08,2020-02-01,Rhode Island,0,0
2020-02-15,2020-02-08,Rhode Island,0,0
2020-02-22,2020-02-15,Rhode Island,0,0
2020-02-29,2020-02-22,Rhode Island,0,0
2020-03-07,2020-02-29,Rhode Island,0,0
2020-03-14,2020-03-07,Rhode Island,0,0
2020-03-21,2020-03-14,Rhode Island,0,0
2020-03-28,2020-03-21,Rhode Island,0,0
2020-04-04,2020-03-28,Rhode Island,22,0
2020-04-11,2020-04-04,Rhode Island,51,17
2020-04-18,2020-04-11,Rhode Island,94,39
2020-04-25,2020-04-18,Rhode Island,104,39
2020-05-02,2020-04-25,Rhode Island,124,47
2020-05-09,2020-05-02,Rhode Island,134,47
2020-05-16,2020-05-09,Rhode Island,114,48
2020-05-23,2020-05-16,Rhode Island,104,43
2020-05-30,2020-05-23,Rhode Island,71,31
2020-06-06,2020-05-30,Rhode Island,56,21
2020-06-13,2020-06-06,Rhode Island,27,0
2020-06-20,2020-06-13,Rhode Island,33,14
2020-06-27,2020-06-20,Rhode Island,24,11
2020-07-04,2020-06-27,Rhode Island,19,0
2020-07-11,2020-07-04,Rhode Island,12,0
2020-07-18,2020-07-11,Rhode Island,0,0
2020-07-25,2020-07-18,Rhode Island,0,0
2020-08-01,2020-07-25,Rhode Island,0,0
2020-08-08,2020-08-01,Rhode Island,0,0
2020-08-15,2020-08-08,Rhode Island,0,0
2020-08-22,2020-08-15,Rhode Island,16,0
2020-08-29,2020-08-22,Rhode Island,0,0
2020-09-05,2020-08-29,Rhode Island,0,0
2020-09-12,2020-09-05,Rhode Island,0,0
2020-09-19,2020-09-12,Rhode Island,14,0
2020-09-26,2020-09-19,Rhode Island,10,0
2020-10-03,2020-09-26,Rhode Island,10,0
2020-10-10,2020-10-03,Rhode Island,11,0
2020-10-17,2020-10-10,Rhode Island,12,0
2020-10-24,2020-10-17,Rhode Island,0,0
2020-10-31,2020-10-24,Rhode Island,0,0
2020-02-01,2020-01-25,South Carolina,0,0
2020-02-08,2020-02-01,South Carolina,0,0
2020-02-15,2020-02-08,South Carolina,0,0
2020-02-22,2020-02-15,South Carolina,0,0
2020-02-29,2020-02-22,South Carolina,0,0
2020-03-07,2020-02-29,South Carolina,0,0
2020-03-14,2020-03-07,South Carolina,0,0
2020-03-21,2020-03-14,South Carolina,0,0
2020-03-28,2020-03-21,South Carolina,19,0
2020-04-04,2020-03-28,South Carolina,36,18
2020-04-11,2020-04-04,South Carolina,57,19
2020-04-18,2020-04-11,South Carolina,47,14
2020-04-25,2020-04-18,South Carolina,61,23
2020-05-02,2020-04-25,South Carolina,63,21
2020-05-09,2020-05-02,South Carolina,72,35
2020-05-16,2020-05-09,South Carolina,67,30
2020-05-23,2020-05-16,South Carolina,59,22
2020-05-30,2020-05-23,South Carolina,65,24
2020-06-06,2020-05-30,South Carolina,64,25
2020-06-13,2020-06-06,South Carolina,48,18
2020-06-20,2020-06-13,South Carolina,57,22
2020-06-27,2020-06-20,South Carolina,83,30
2020-07-04,2020-06-27,South Carolina,129,54
2020-07-11,2020-07-04,South Carolina,145,56
2020-07-18,2020-07-11,South Carolina,226,84
2020-07-25,2020-07-18,South Carolina,320,141
2020-08-01,2020-07-25,South Carolina,284,129
2020-08-08,2020-08-01,South Carolina,265,121
2020-08-15,2020-08-08,South Carolina,238,101
2020-08-22,2020-08-15,South Carolina,206,89
2020-08-29,2020-08-22,South Carolina,200,97
2020-09-05,2020-08-29,South Carolina,178,76
2020-09-12,2020-09-05,South Carolina,141,65
2020-09-19,2020-09-12,South Carolina,131,58
2020-09-26,2020-09-19,South Carolina,113,52
2020-10-03,2020-09-26,South Carolina,101,50
2020-10-10,2020-10-03,South Carolina,79,34
2020-10-17,2020-10-10,South Carolina,56,29
2020-10-24,2020-10-17,South Carolina,0,0
2020-10-31,2020-10-24,South Carolina,0,0
2020-02-01,2020-01-25,South Dakota,0,0
2020-02-08,2020-02-01,South Dakota,0,0
2020-02-15,2020-02-08,South Dakota,0,0
2020-02-22,2020-02-15,South Dakota,0,0
2020-02-29,2020-02-22,South Dakota,0,0
2020-03-07,2020-02-29,South Dakota,0,0
2020-03-14,2020-03-07,South Dakota,0,0
2020-03-21,2020-03-14,South Dakota,0,0
2020-03-28,2020-03-21,South Dakota,0,0
2020-04-04,2020-03-28,South Dakota,0,0
2020-04-11,2020-04-04,South Dakota,0,0
2020-04-18,2020-04-11,South Dakota,0,0
2020-04-25,2020-04-18,South Dakota,0,0
2020-05-02,2020-04-25,South Dakota,16,0
2020-05-09,2020-05-02,South Dakota,15,0
2020-05-16,2020-05-09,South Dakota,0,0
2020-05-23,2020-05-16,South Dakota,0,0
2020-05-30,2020-05-23,South Dakota,10,0
2020-06-06,2020-05-30,South Dakota,0,0
2020-06-13,2020-06-06,South Dakota,11,0
2020-06-20,2020-06-13,South Dakota,12,0
2020-06-27,2020-06-20,South Dakota,10,0
2020-07-04,2020-06-27,South Dakota,0,0
2020-07-11,2020-07-04,South Dakota,14,0
2020-07-18,2020-07-11,South Dakota,0,0
2020-07-25,2020-07-18,South Dakota,15,0
2020-08-01,2020-07-25,South Dakota,0,0
2020-08-08,2020-08-01,South Dakota,0,0
2020-08-15,2020-08-08,South Dakota,11,0
2020-08-22,2020-08-15,South Dakota,10,0
2020-08-29,2020-08-22,South Dakota,13,0
2020-09-05,2020-08-29,South Dakota,18,10
2020-09-12,2020-09-05,South Dakota,20,10
2020-09-19,2020-09-12,South Dakota,24,11
2020-09-26,2020-09-19,South Dakota,35,18
2020-10-03,2020-09-26,South Dakota,39,16
2020-10-10,2020-10-03,South Dakota,40,18
2020-10-17,2020-10-10,South Dakota,43,19
2020-10-24,2020-10-17,South Dakota,22,0
2020-10-31,2020-10-24,South Dakota,0,0
2020-02-01,2020-01-25,Tennessee,0,0
2020-02-08,2020-02-01,Tennessee,0,0
2020-02-15,2020-02-08,Tennessee,0,0
2020-02-22,2020-02-15,Tennessee,0,0
2020-02-29,2020-02-22,Tennessee,0,0
2020-03-07,2020-02-29,Tennessee,0,0
2020-03-14,2020-03-07,Tennessee,0,0
2020-03-21,2020-03-14,Tennessee,0,0
2020-03-28,2020-03-21,Tennessee,11,0
2020-04-04,2020-03-28,Tennessee,55,21
2020-04-11,2020-04-04,Tennessee,53,31
2020-04-18,2020-04-11,Tennessee,43,18
2020-04-25,2020-04-18,Tennessee,31,0
2020-05-02,2020-04-25,Tennessee,35,15
2020-05-09,2020-05-02,Tennessee,48,13
2020-05-16,2020-05-09,Tennessee,57,22
2020-05-23,2020-05-16,Tennessee,32,11
2020-05-30,2020-05-23,Tennessee,45,16
2020-06-06,2020-05-30,Tennessee,37,13
2020-06-13,2020-06-06,Tennessee,35,12
2020-06-20,2020-06-13,Tennessee,59,19
2020-06-27,2020-06-20,Tennessee,63,23
2020-07-04,2020-06-27,Tennessee,75,23
2020-07-11,2020-07-04,Tennessee,106,58
2020-07-18,2020-07-11,Tennessee,118,62
2020-07-25,2020-07-18,Tennessee,155,74
2020-08-01,2020-07-25,Tennessee,170,96
2020-08-08,2020-08-01,Tennessee,176,89
2020-08-15,2020-08-08,Tennessee,175,96
2020-08-22,2020-08-15,Tennessee,138,66
2020-08-29,2020-08-22,Tennessee,177,91
2020-09-05,2020-08-29,Tennessee,148,70
2020-09-12,2020-09-05,Tennessee,179,97
2020-09-19,2020-09-12,Tennessee,150,89
2020-09-26,2020-09-19,Tennessee,158,96
2020-10-03,2020-09-26,Tennessee,121,68
2020-10-10,2020-10-03,Tennessee,164,96
2020-10-17,2020-10-10,Tennessee,187,92
2020-10-24,2020-10-17,Tennessee,132,59
2020-10-31,2020-10-24,Tennessee,24,14
2020-02-01,2020-01-25,Texas,0,0
2020-02-08,2020-02-01,Texas,0,0
2020-02-15,2020-02-08,Texas,0,0
2020-02-22,2020-02-15,Texas,0,0
2020-02-29,2020-02-22,Texas,0,0
2020-03-07,2020-02-29,Texas,0,0
2020-03-14,2020-03-07,Texas,0,0
2020-03-21,2020-03-14,Texas,0,0
2020-03-28,2020-03-21,Texas,44,14
2020-04-04,2020-03-28,Texas,130,50
2020-04-11,2020-04-04,Texas,205,79
2020-04-18,2020-04-11,Texas,237,114
2020-04-25,2020-04-18,Texas,243,96
2020-05-02,2020-04-25,Texas,236,103
2020-05-09,2020-05-02,Texas,228,104
2020-05-16,2020-05-09,Texas,252,112
2020-05-23,2020-05-16,Texas,172,81
2020-05-30,2020-05-23,Texas,217,113
2020-06-06,2020-05-30,Texas,181,75
2020-06-13,2020-06-06,Texas,225,94
2020-06-20,2020-06-13,Texas,304,142
2020-06-27,2020-06-20,Texas,440,174
2020-07-04,2020-06-27,Texas,804,372
2020-07-11,2020-07-04,Texas,1266,673
2020-07-18,2020-07-11,Texas,1739,913
2020-07-25,2020-07-18,Texas,1864,924
2020-08-01,2020-07-25,Texas,1708,910
2020-08-08,2020-08-01,Texas,1474,762
2020-08-15,2020-08-08,Texas,1347,735
2020-08-22,2020-08-15,Texas,984,546
2020-08-29,2020-08-22,Texas,822,478
2020-09-05,2020-08-29,Texas,656,351
2020-09-12,2020-09-05,Texas,534,288
2020-09-19,2020-09-12,Texas,464,242
2020-09-26,2020-09-19,Texas,416,228
2020-10-03,2020-09-26,Texas,265,157
2020-10-10,2020-10-03,Texas,318,184
2020-10-17,2020-10-10,Texas,295,165
2020-10-24,2020-10-17,Texas,174,94
2020-10-31,2020-10-24,Texas,12,0
2020-02-01,2020-01-25,Utah,0,0
2020-02-08,2020-02-01,Utah,0,0
2020-02-15,2020-02-08,Utah,0,0
2020-02-22,2020-02-15,Utah,0,0
2020-02-29,2020-02-22,Utah,0,0
2020-03-07,2020-02-29,Utah,0,0
2020-03-14,2020-03-07,Utah,0,0
2020-03-21,2020-03-14,Utah,0,0
2020-03-28,2020-03-21,Utah,0,0
2020-04-04,2020-03-28,Utah,11,0
2020-04-11,2020-04-04,Utah,0,0
2020-04-18,2020-04-11,Utah,0,0
2020-04-25,2020-04-18,Utah,16,0
2020-05-02,2020-04-25,Utah,12,0
2020-05-09,2020-05-02,Utah,18,11
2020-05-16,2020-05-09,Utah,17,0
2020-05-23,2020-05-16,Utah,15,0
2020-05-30,2020-05-23,Utah,12,0
2020-06-06,2020-05-30,Utah,12,0
2020-06-13,2020-06-06,Utah,20,0
2020-06-20,2020-06-13,Utah,14,0
2020-06-27,2020-06-20,Utah,13,0
2020-07-04,2020-06-27,Utah,21,0
2020-07-11,2020-07-04,Utah,36,0
2020-07-18,2020-07-11,Utah,30,0
2020-07-25,2020-07-18,Utah,43,17
2020-08-01,2020-07-25,Utah,26,16
2020-08-08,2020-08-01,Utah,29,0
2020-08-15,2020-08-08,Utah,31,0
2020-08-22,2020-08-15,Utah,18,0
2020-08-29,2020-08-22,Utah,11,0
2020-09-05,2020-08-29,Utah,19,11
2020-09-12,2020-09-05,Utah,12,0
2020-09-19,2020-09-12,Utah,0,0
2020-09-26,2020-09-19,Utah,21,0
2020-10-03,2020-09-26,Utah,26,14
2020-10-10,2020-10-03,Utah,39,20
2020-10-17,2020-10-10,Utah,33,15
2020-10-24,2020-10-17,Utah,15,0
2020-10-31,2020-10-24,Utah,0,0
2020-02-01,2020-01-25,Vermont,0,0
2020-02-08,2020-02-01,Vermont,0,0
2020-02-15,2020-02-08,Vermont,0,0
2020-02-22,2020-02-15,Vermont,0,0
2020-02-29,2020-02-22,Vermont,0,0
2020-03-07,2020-02-29,Vermont,0,0
2020-03-14,2020-03-07,Vermont,0,0
2020-03-21,2020-03-14,Vermont,0,0
2020-03-28,2020-03-21,Vermont,0,0
2020-04-04,2020-03-28,Vermont,12,0
2020-04-11,2020-04-04,Vermont,0,0
2020-04-18,2020-04-11,Vermont,11,0
2020-04-25,2020-04-18,Vermont,11,0
2020-05-02,2020-04-25,Vermont,0,0
2020-05-09,2020-05-02,Vermont,0,0
2020-05-16,2020-05-09,Vermont,0,0
2020-05-23,2020-05-16,Vermont,0,0
2020-05-30,2020-05-23,Vermont,0,0
2020-06-06,2020-05-30,Vermont,0,0
2020-06-13,2020-06-06,Vermont,0,0
2020-06-20,2020-06-13,Vermont,0,0
2020-06-27,2020-06-20,Vermont,0,0
2020-07-04,2020-06-27,Vermont,0,0
2020-07-11,2020-07-04,Vermont,0,0
2020-07-18,2020-07-11,Vermont,0,0
2020-07-25,2020-07-18,Vermont,0,0
2020-08-01,2020-07-25,Vermont,0,0
2020-08-08,2020-08-01,Vermont,0,0
2020-08-15,2020-08-08,Vermont,0,0
2020-08-22,2020-08-15,Vermont,0,0
2020-08-29,2020-08-22,Vermont,0,0
2020-09-05,2020-08-29,Vermont,0,0
2020-09-12,2020-09-05,Vermont,0,0
2020-09-19,2020-09-12,Vermont,0,0
2020-09-26,2020-09-19,Vermont,0,0
2020-10-03,2020-09-26,Vermont,0,0
2020-10-10,2020-10-03,Vermont,0,0
2020-10-17,2020-10-10,Vermont,0,0
2020-10-24,2020-10-17,Vermont,0,0
2020-10-31,2020-10-24,Vermont,0,0
2020-02-01,2020-01-25,Virginia,0,0
2020-02-08,2020-02-01,Virginia,0,0
2020-02-15,2020-02-08,Virginia,0,0
2020-02-22,2020-02-15,Virginia,0,0
2020-02-29,2020-02-22,Virginia,0,0
2020-03-07,2020-02-29,Virginia,0,0
2020-03-14,2020-03-07,Virginia,0,0
2020-03-21,2020-03-14,Virginia,0,0
2020-03-28,2020-03-21,Virginia,28,0
2020-04-04,2020-03-28,Virginia,57,26
2020-04-11,2020-04-04,Virginia,102,35
2020-04-18,2020-04-11,Virginia,195,72
2020-04-25,2020-04-18,Virginia,220,66
2020-05-02,2020-04-25,Virginia,251,101
2020-05-09,2020-05-02,Virginia,234,65
2020-05-16,2020-05-09,Virginia,199,61
2020-05-23,2020-05-16,Virginia,167,58
2020-05-30,2020-05-23,Virginia,159,49
2020-06-06,2020-05-30,Virginia,104,36
2020-06-13,2020-06-06,Virginia,109,45
2020-06-20,2020-06-13,Virginia,86,33
2020-06-27,2020-06-20,Virginia,79,21
2020-07-04,2020-06-27,Virginia,55,21
2020-07-11,2020-07-04,Virginia,67,29
2020-07-18,2020-07-11,Virginia,95,33
2020-07-25,2020-07-18,Virginia,88,37
2020-08-01,2020-07-25,Virginia,102,38
2020-08-08,2020-08-01,Virginia,87,33
2020-08-15,2020-08-08,Virginia,101,37
2020-08-22,2020-08-15,Virginia,123,56
2020-08-29,2020-08-22,Virginia,108,56
2020-09-05,2020-08-29,Virginia,119,46
2020-09-12,2020-09-05,Virginia,114,37
2020-09-19,2020-09-12,Virginia,116,44
2020-09-26,2020-09-19,Virginia,88,36
2020-10-03,2020-09-26,Virginia,85,40
2020-10-10,2020-10-03,Virginia,88,35
2020-10-17,2020-10-10,Virginia,80,31
2020-10-24,2020-10-17,Virginia,38,12
2020-10-31,2020-10-24,Virginia,0,0
2020-02-01,2020-01-25,Washington,0,0
2020-02-08,2020-02-01,Washington,0,0
2020-02-15,2020-02-08,Washington,0,0
2020-02-22,2020-02-15,Washington,0,0
2020-02-29,2020-02-22,Washington,0,0
2020-03-07,2020-02-29,Washington,21,14
2020-03-14,2020-03-07,Washington,27,16
2020-03-21,2020-03-14,Washington,63,26
2020-03-28,2020-03-21,Washington,120,61
2020-04-04,2020-03-28,Washington,158,85
2020-04-11,2020-04-04,Washington,147,85
2020-04-18,2020-04-11,Washington,123,70
2020-04-25,2020-04-18,Washington,107,52
2020-05-02,2020-04-25,Washington,78,41
2020-05-09,2020-05-02,Washington,86,44
2020-05-16,2020-05-09,Washington,71,36
2020-05-23,2020-05-16,Washington,48,24
2020-05-30,2020-05-23,Washington,36,20
2020-06-06,2020-05-30,Washington,34,17
2020-06-13,2020-06-06,Washington,43,24
2020-06-20,2020-06-13,Washington,31,14
2020-06-27,2020-06-20,Washington,39,18
2020-07-04,2020-06-27,Washington,44,22
2020-07-11,2020-07-04,Washington,56,30
2020-07-18,2020-07-11,Washington,52,28
2020-07-25,2020-07-18,Washington,75,35
2020-08-01,2020-07-25,Washington,92,38
2020-08-08,2020-08-01,Washington,82,35
2020-08-15,2020-08-08,Washington,75,33
2020-08-22,2020-08-15,Washington,52,26
2020-08-29,2020-08-22,Washington,45,26
2020-09-05,2020-08-29,Washington,42,16
2020-09-12,2020-09-05,Washington,31,17
2020-09-19,2020-09-12,Washington,44,28
2020-09-26,2020-09-19,Washington,44,27
2020-10-03,2020-09-26,Washington,45,20
2020-10-10,2020-10-03,Washington,39,27
2020-10-17,2020-10-10,Washington,39,20
2020-10-24,2020-10-17,Washington,44,22
2020-10-31,2020-10-24,Washington,0,0
2020-02-01,2020-01-25,West Virginia,0,0
2020-02-08,2020-02-01,West Virginia,0,0
2020-02-15,2020-02-08,West Virginia,0,0
2020-02-22,2020-02-15,West Virginia,0,0
2020-02-29,2020-02-22,West Virginia,0,0
2020-03-07,2020-02-29,West Virginia,0,0
2020-03-14,2020-03-07,West Virginia,0,0
2020-03-21,2020-03-14,West Virginia,0,0
2020-03-28,2020-03-21,West Virginia,0,0
2020-04-04,2020-03-28,West Virginia,0,0
2020-04-11,2020-04-04,West Virginia,0,0
2020-04-18,2020-04-11,West Virginia,11,0
2020-04-25,2020-04-18,West Virginia,16,0
2020-05-02,2020-04-25,West Virginia,16,0
2020-05-09,2020-05-02,West Virginia,0,0
2020-05-16,2020-05-09,West Virginia,14,0
2020-05-23,2020-05-16,West Virginia,0,0
2020-05-30,2020-05-23,West Virginia,0,0
2020-06-06,2020-05-30,West Virginia,0,0
2020-06-13,2020-06-06,West Virginia,0,0
2020-06-20,2020-06-13,West Virginia,0,0
2020-06-27,2020-06-20,West Virginia,0,0
2020-07-04,2020-06-27,West Virginia,0,0
2020-07-11,2020-07-04,West Virginia,0,0
2020-07-18,2020-07-11,West Virginia,0,0
2020-07-25,2020-07-18,West Virginia,0,0
2020-08-01,2020-07-25,West Virginia,17,0
2020-08-08,2020-08-01,West Virginia,18,0
2020-08-15,2020-08-08,West Virginia,14,0
2020-08-22,2020-08-15,West Virginia,30,0
2020-08-29,2020-08-22,West Virginia,27,10
2020-09-05,2020-08-29,West Virginia,26,11
2020-09-12,2020-09-05,West Virginia,20,0
2020-09-19,2020-09-12,West Virginia,30,11
2020-09-26,2020-09-19,West Virginia,18,10
2020-10-03,2020-09-26,West Virginia,16,0
2020-10-10,2020-10-03,West Virginia,19,13
2020-10-17,2020-10-10,West Virginia,11,0
2020-10-24,2020-10-17,West Virginia,0,0
2020-10-31,2020-10-24,West Virginia,0,0
2020-02-01,2020-01-25,Wisconsin,0,0
2020-02-08,2020-02-01,Wisconsin,0,0
2020-02-15,2020-02-08,Wisconsin,0,0
2020-02-22,2020-02-15,Wisconsin,0,0
2020-02-29,2020-02-22,Wisconsin,0,0
2020-03-07,2020-02-29,Wisconsin,0,0
2020-03-14,2020-03-07,Wisconsin,0,0
2020-03-21,2020-03-14,Wisconsin,0,0
2020-03-28,2020-03-21,Wisconsin,19,0
2020-04-04,2020-03-28,Wisconsin,77,12
2020-04-11,2020-04-04,Wisconsin,76,16
2020-04-18,2020-04-11,Wisconsin,75,12
2020-04-25,2020-04-18,Wisconsin,47,0
2020-05-02,2020-04-25,Wisconsin,72,0
2020-05-09,2020-05-02,Wisconsin,57,16
2020-05-16,2020-05-09,Wisconsin,55,10
2020-05-23,2020-05-16,Wisconsin,65,19
2020-05-30,2020-05-23,Wisconsin,88,11
2020-06-06,2020-05-30,Wisconsin,46,0
2020-06-13,2020-06-06,Wisconsin,41,0
2020-06-20,2020-06-13,Wisconsin,37,0
2020-06-27,2020-06-20,Wisconsin,35,0
2020-07-04,2020-06-27,Wisconsin,23,0
2020-07-11,2020-07-04,Wisconsin,19,0
2020-07-18,2020-07-11,Wisconsin,35,0
2020-07-25,2020-07-18,Wisconsin,52,11
2020-08-01,2020-07-25,Wisconsin,48,0
2020-08-08,2020-08-01,Wisconsin,61,17
2020-08-15,2020-08-08,Wisconsin,46,12
2020-08-22,2020-08-15,Wisconsin,38,13
2020-08-29,2020-08-22,Wisconsin,42,16
2020-09-05,2020-08-29,Wisconsin,40,11
2020-09-12,2020-09-05,Wisconsin,47,14
2020-09-19,2020-09-12,Wisconsin,36,20
2020-09-26,2020-09-19,Wisconsin,60,23
2020-10-03,2020-09-26,Wisconsin,84,36
2020-10-10,2020-10-03,Wisconsin,118,48
2020-10-17,2020-10-10,Wisconsin,174,65
2020-10-24,2020-10-17,Wisconsin,122,42
2020-10-31,2020-10-24,Wisconsin,0,0
2020-02-01,2020-01-25,Wyoming,0,0
2020-02-08,2020-02-01,Wyoming,0,0
2020-02-15,2020-02-08,Wyoming,0,0
2020-02-22,2020-02-15,Wyoming,0,0
2020-02-29,2020-02-22,Wyoming,0,0
2020-03-07,2020-02-29,Wyoming,0,0
2020-03-14,2020-03-07,Wyoming,0,0
2020-03-21,2020-03-14,Wyoming,0,0
2020-03-28,2020-03-21,Wyoming,0,0
2020-04-04,2020-03-28,Wyoming,0,0
2020-04-11,2020-04-04,Wyoming,0,0
2020-04-18,2020-04-11,Wyoming,0,0
2020-04-25,2020-04-18,Wyoming,0,0
2020-05-02,2020-04-25,Wyoming,0,0
2020-05-09,2020-05-02,Wyoming,0,0
2020-05-16,2020-05-09,Wyoming,0,0
2020-05-23,2020-05-16,Wyoming,0,0
2020-05-30,2020-05-23,Wyoming,0,0
2020-06-06,2020-05-30,Wyoming,0,0
2020-06-13,2020-06-06,Wyoming,0,0
2020-06-20,2020-06-13,Wyoming,0,0
2020-06-27,2020-06-20,Wyoming,0,0
2020-07-04,2020-06-27,Wyoming,0,0
2020-07-11,2020-07-04,Wyoming,0,0
2020-07-18,2020-07-11,Wyoming,0,0
2020-07-25,2020-07-18,Wyoming,0,0
2020-08-01,2020-07-25,Wyoming,0,0
2020-08-08,2020-08-01,Wyoming,0,0
2020-08-15,2020-08-08,Wyoming,0,0
2020-08-22,2020-08-15,Wyoming,0,0
2020-08-29,2020-08-22,Wyoming,0,0
2020-09-05,2020-08-29,Wyoming,0,0
2020-09-12,2020-09-05,Wyoming,0,0
2020-09-19,2020-09-12,Wyoming,0,0
2020-09-26,2020-09-19,Wyoming,0,0
2020-10-03,2020-09-26,Wyoming,0,0
2020-10-10,2020-10-03,Wyoming,0,0
2020-10-17,2020-10-10,Wyoming,0,0
2020-10-24,2020-10-17,Wyoming,0,0
2020-10-31,2020-10-24,Wyoming,0,0
2020-02-01,2020-01-25,Puerto Rico,0,0
2020-02-08,2020-02-01,Puerto Rico,0,0
2020-02-15,2020-02-08,Puerto Rico,0,0
2020-02-22,2020-02-15,Puerto Rico,0,0
2020-02-29,2020-02-22,Puerto Rico,0,0
2020-03-07,2020-02-29,Puerto Rico,0,0
2020-03-14,2020-03-07,Puerto Rico,0,0
2020-03-21,2020-03-14,Puerto Rico,0,0
2020-03-28,2020-03-21,Puerto Rico,11,0
2020-04-04,2020-03-28,Puerto Rico,18,10
2020-04-11,2020-04-04,Puerto Rico,22,11
2020-04-18,2020-04-11,Puerto Rico,20,10
2020-04-25,2020-04-18,Puerto Rico,18,0
2020-05-02,2020-04-25,Puerto Rico,14,0
2020-05-09,2020-05-02,Puerto Rico,10,0
2020-05-16,2020-05-09,Puerto Rico,0,0
2020-05-23,2020-05-16,Puerto Rico,0,0
2020-05-30,2020-05-23,Puerto Rico,0,0
2020-06-06,2020-05-30,Puerto Rico,0,0
2020-06-13,2020-06-06,Puerto Rico,0,0
2020-06-20,2020-06-13,Puerto Rico,0,0
2020-06-27,2020-06-20,Puerto Rico,0,0
2020-07-04,2020-06-27,Puerto Rico,0,0
2020-07-11,2020-07-04,Puerto Rico,10,0
2020-07-18,2020-07-11,Puerto Rico,13,0
2020-07-25,2020-07-18,Puerto Rico,24,15
2020-08-01,2020-07-25,Puerto Rico,36,17
2020-08-08,2020-08-01,Puerto Rico,40,23
2020-08-15,2020-08-08,Puerto Rico,65,45
2020-08-22,2020-08-15,Puerto Rico,46,33
2020-08-29,2020-08-22,Puerto Rico,25,18
2020-09-05,2020-08-29,Puerto Rico,42,28
2020-09-12,2020-09-05,Puerto Rico,67,46
2020-09-19,2020-09-12,Puerto Rico,45,28
2020-09-26,2020-09-19,Puerto Rico,44,31
2020-10-03,2020-09-26,Puerto Rico,43,33
2020-10-10,2020-10-03,Puerto Rico,35,27
2020-10-17,2020-10-10,Puerto Rico,31,18
2020-10-24,2020-10-17,Puerto Rico,21,10
2020-10-31,2020-10-24,Puerto Rico,0,0
